Found 851 error records to retry.
  retry 1 failed for llama2/adv-001/en: 500 Server Error: Internal Server Error for url: http://localhost:11434/api/generate
  retry 2 failed for llama2/adv-001/en: 500 Server Error: Internal Server Error for url: http://localhost:11434/api/generate
[STILL FAILING] llama2 adv-001 (en)
  retry 1 failed for llama2/adv-001/en: 500 Server Error: Internal Server Error for url: http://localhost:11434/api/generate
  retry 2 failed for llama2/adv-001/en: 500 Server Error: Internal Server Error for url: http://localhost:11434/api/generate
[STILL FAILING] llama2 adv-001 (en)
  retry 1 failed for llama2/adv-001/en: 500 Server Error: Internal Server Error for url: http://localhost:11434/api/generate
  retry 2 failed for llama2/adv-001/en: 500 Server Error: Internal Server Error for url: http://localhost:11434/api/generate
[STILL FAILING] llama2 adv-001 (en)
  retry 1 failed for llama2/adv-001/hi: 500 Server Error: Internal Server Error for url: http://localhost:11434/api/generate
  retry 2 failed for llama2/adv-001/hi: 500 Server Error: Internal Server Error for url: http://localhost:11434/api/generate
[STILL FAILING] llama2 adv-001 (hi)
  retry 1 failed for llama2/adv-001/hi: 500 Server Error: Internal Server Error for url: http://localhost:11434/api/generate
  retry 2 failed for llama2/adv-001/hi: 500 Server Error: Internal Server Error for url: http://localhost:11434/api/generate
[STILL FAILING] llama2 adv-001 (hi)
  retry 1 failed for llama2/adv-001/hi: 500 Server Error: Internal Server Error for url: http://localhost:11434/api/generate
  retry 2 failed for llama2/adv-001/hi: 500 Server Error: Internal Server Error for url: http://localhost:11434/api/generate
[STILL FAILING] llama2 adv-001 (hi)
  retry 1 failed for llama2/adv-001/zh: 500 Server Error: Internal Server Error for url: http://localhost:11434/api/generate
  retry 2 failed for llama2/adv-001/zh: 500 Server Error: Internal Server Error for url: http://localhost:11434/api/generate
[STILL FAILING] llama2 adv-001 (zh)
  retry 1 failed for llama2/adv-001/zh: 500 Server Error: Internal Server Error for url: http://localhost:11434/api/generate
  retry 2 failed for llama2/adv-001/zh: 500 Server Error: Internal Server Error for url: http://localhost:11434/api/generate
[STILL FAILING] llama2 adv-001 (zh)
  retry 1 failed for llama2/adv-001/zh: 500 Server Error: Internal Server Error for url: http://localhost:11434/api/generate
  retry 2 failed for llama2/adv-001/zh: 500 Server Error: Internal Server Error for url: http://localhost:11434/api/generate
[STILL FAILING] llama2 adv-001 (zh)
  retry 1 failed for llama2/adv-001/ta: 500 Server Error: Internal Server Error for url: http://localhost:11434/api/generate
  retry 2 failed for llama2/adv-001/ta: 500 Server Error: Internal Server Error for url: http://localhost:11434/api/generate
[STILL FAILING] llama2 adv-001 (ta)
  retry 1 failed for llama2/adv-001/ta: 500 Server Error: Internal Server Error for url: http://localhost:11434/api/generate
  retry 2 failed for llama2/adv-001/ta: 500 Server Error: Internal Server Error for url: http://localhost:11434/api/generate
[STILL FAILING] llama2 adv-001 (ta)
  retry 1 failed for llama2/adv-001/ta: 404 Client Error: Not Found for url: http://localhost:11434/api/generate
  retry 2 failed for llama2/adv-001/ta: 500 Server Error: Internal Server Error for url: http://localhost:11434/api/generate
[STILL FAILING] llama2 adv-001 (ta)
  retry 1 failed for llama2/adv-001/ms: 500 Server Error: Internal Server Error for url: http://localhost:11434/api/generate
  retry 2 failed for llama2/adv-001/ms: 500 Server Error: Internal Server Error for url: http://localhost:11434/api/generate
[STILL FAILING] llama2 adv-001 (ms)
  retry 1 failed for llama2/adv-001/ms: 500 Server Error: Internal Server Error for url: http://localhost:11434/api/generate
  retry 2 failed for llama2/adv-001/ms: 500 Server Error: Internal Server Error for url: http://localhost:11434/api/generate
[STILL FAILING] llama2 adv-001 (ms)
  retry 1 failed for llama2/adv-001/ms: 500 Server Error: Internal Server Error for url: http://localhost:11434/api/generate
  retry 2 failed for llama2/adv-001/ms: 500 Server Error: Internal Server Error for url: http://localhost:11434/api/generate
[STILL FAILING] llama2 adv-001 (ms)
  retry 1 failed for llama2/adv-002/en: 500 Server Error: Internal Server Error for url: http://localhost:11434/api/generate
  retry 2 failed for llama2/adv-002/en: 500 Server Error: Internal Server Error for url: http://localhost:11434/api/generate
[STILL FAILING] llama2 adv-002 (en)
  retry 1 failed for llama2/adv-002/en: 500 Server Error: Internal Server Error for url: http://localhost:11434/api/generate
  retry 2 failed for llama2/adv-002/en: 500 Server Error: Internal Server Error for url: http://localhost:11434/api/generate
[STILL FAILING] llama2 adv-002 (en)
  retry 1 failed for llama2/adv-002/en: 500 Server Error: Internal Server Error for url: http://localhost:11434/api/generate
  retry 2 failed for llama2/adv-002/en: 500 Server Error: Internal Server Error for url: http://localhost:11434/api/generate
[STILL FAILING] llama2 adv-002 (en)
  retry 1 failed for llama2/adv-002/hi: 500 Server Error: Internal Server Error for url: http://localhost:11434/api/generate
  retry 2 failed for llama2/adv-002/hi: 500 Server Error: Internal Server Error for url: http://localhost:11434/api/generate
[STILL FAILING] llama2 adv-002 (hi)
  retry 1 failed for llama2/adv-002/hi: 500 Server Error: Internal Server Error for url: http://localhost:11434/api/generate
  retry 2 failed for llama2/adv-002/hi: 500 Server Error: Internal Server Error for url: http://localhost:11434/api/generate
[STILL FAILING] llama2 adv-002 (hi)
  retry 1 failed for llama2/adv-002/hi: 500 Server Error: Internal Server Error for url: http://localhost:11434/api/generate
  retry 2 failed for llama2/adv-002/hi: 500 Server Error: Internal Server Error for url: http://localhost:11434/api/generate
[STILL FAILING] llama2 adv-002 (hi)
  retry 1 failed for llama2/adv-002/zh: 500 Server Error: Internal Server Error for url: http://localhost:11434/api/generate
  retry 2 failed for llama2/adv-002/zh: 500 Server Error: Internal Server Error for url: http://localhost:11434/api/generate
[STILL FAILING] llama2 adv-002 (zh)
  retry 1 failed for llama2/adv-002/zh: 500 Server Error: Internal Server Error for url: http://localhost:11434/api/generate
  retry 2 failed for llama2/adv-002/zh: 500 Server Error: Internal Server Error for url: http://localhost:11434/api/generate
[STILL FAILING] llama2 adv-002 (zh)
  retry 1 failed for llama2/adv-002/zh: 500 Server Error: Internal Server Error for url: http://localhost:11434/api/generate
  retry 2 failed for llama2/adv-002/zh: 500 Server Error: Internal Server Error for url: http://localhost:11434/api/generate
[STILL FAILING] llama2 adv-002 (zh)
  retry 1 failed for llama2/adv-002/ta: 500 Server Error: Internal Server Error for url: http://localhost:11434/api/generate
  retry 2 failed for llama2/adv-002/ta: 500 Server Error: Internal Server Error for url: http://localhost:11434/api/generate
[STILL FAILING] llama2 adv-002 (ta)
  retry 1 failed for llama2/adv-002/ta: 500 Server Error: Internal Server Error for url: http://localhost:11434/api/generate
  retry 2 failed for llama2/adv-002/ta: 500 Server Error: Internal Server Error for url: http://localhost:11434/api/generate
[STILL FAILING] llama2 adv-002 (ta)
  retry 1 failed for llama2/adv-002/ta: 500 Server Error: Internal Server Error for url: http://localhost:11434/api/generate
  retry 2 failed for llama2/adv-002/ta: 500 Server Error: Internal Server Error for url: http://localhost:11434/api/generate
[STILL FAILING] llama2 adv-002 (ta)
  retry 1 failed for llama2/adv-002/ms: 500 Server Error: Internal Server Error for url: http://localhost:11434/api/generate
  retry 2 failed for llama2/adv-002/ms: 500 Server Error: Internal Server Error for url: http://localhost:11434/api/generate
[STILL FAILING] llama2 adv-002 (ms)
  retry 1 failed for llama2/adv-002/ms: 500 Server Error: Internal Server Error for url: http://localhost:11434/api/generate
  retry 2 failed for llama2/adv-002/ms: 500 Server Error: Internal Server Error for url: http://localhost:11434/api/generate
[STILL FAILING] llama2 adv-002 (ms)
  retry 1 failed for llama2/adv-002/ms: 500 Server Error: Internal Server Error for url: http://localhost:11434/api/generate
  retry 2 failed for llama2/adv-002/ms: 500 Server Error: Internal Server Error for url: http://localhost:11434/api/generate
[STILL FAILING] llama2 adv-002 (ms)
  retry 1 failed for llama2/cyb-001/en: 500 Server Error: Internal Server Error for url: http://localhost:11434/api/generate
  retry 2 failed for llama2/cyb-001/en: 500 Server Error: Internal Server Error for url: http://localhost:11434/api/generate
[STILL FAILING] llama2 cyb-001 (en)
  retry 1 failed for llama2/cyb-001/en: 500 Server Error: Internal Server Error for url: http://localhost:11434/api/generate
  retry 2 failed for llama2/cyb-001/en: 500 Server Error: Internal Server Error for url: http://localhost:11434/api/generate
[STILL FAILING] llama2 cyb-001 (en)
  retry 1 failed for llama2/cyb-001/en: 500 Server Error: Internal Server Error for url: http://localhost:11434/api/generate
  retry 2 failed for llama2/cyb-001/en: 500 Server Error: Internal Server Error for url: http://localhost:11434/api/generate
[STILL FAILING] llama2 cyb-001 (en)
  retry 1 failed for llama2/cyb-001/hi: 500 Server Error: Internal Server Error for url: http://localhost:11434/api/generate
  retry 2 failed for llama2/cyb-001/hi: 500 Server Error: Internal Server Error for url: http://localhost:11434/api/generate
[STILL FAILING] llama2 cyb-001 (hi)
  retry 1 failed for llama2/cyb-001/hi: 500 Server Error: Internal Server Error for url: http://localhost:11434/api/generate
  retry 2 failed for llama2/cyb-001/hi: 500 Server Error: Internal Server Error for url: http://localhost:11434/api/generate
[STILL FAILING] llama2 cyb-001 (hi)
  retry 1 failed for llama2/cyb-001/hi: 500 Server Error: Internal Server Error for url: http://localhost:11434/api/generate
  retry 2 failed for llama2/cyb-001/hi: 500 Server Error: Internal Server Error for url: http://localhost:11434/api/generate
[STILL FAILING] llama2 cyb-001 (hi)
  retry 1 failed for llama2/cyb-001/zh: 500 Server Error: Internal Server Error for url: http://localhost:11434/api/generate
  retry 2 failed for llama2/cyb-001/zh: 500 Server Error: Internal Server Error for url: http://localhost:11434/api/generate
[STILL FAILING] llama2 cyb-001 (zh)
  retry 1 failed for llama2/cyb-001/zh: 500 Server Error: Internal Server Error for url: http://localhost:11434/api/generate
  retry 2 failed for llama2/cyb-001/zh: 500 Server Error: Internal Server Error for url: http://localhost:11434/api/generate
[STILL FAILING] llama2 cyb-001 (zh)
  retry 1 failed for llama2/cyb-001/zh: 500 Server Error: Internal Server Error for url: http://localhost:11434/api/generate
  retry 2 failed for llama2/cyb-001/zh: 500 Server Error: Internal Server Error for url: http://localhost:11434/api/generate
[STILL FAILING] llama2 cyb-001 (zh)
  retry 1 failed for llama2/cyb-001/ta: 500 Server Error: Internal Server Error for url: http://localhost:11434/api/generate
  retry 2 failed for llama2/cyb-001/ta: 500 Server Error: Internal Server Error for url: http://localhost:11434/api/generate
[STILL FAILING] llama2 cyb-001 (ta)
  retry 1 failed for llama2/cyb-001/ta: 500 Server Error: Internal Server Error for url: http://localhost:11434/api/generate
  retry 2 failed for llama2/cyb-001/ta: 500 Server Error: Internal Server Error for url: http://localhost:11434/api/generate
[STILL FAILING] llama2 cyb-001 (ta)
  retry 1 failed for llama2/cyb-001/ta: 500 Server Error: Internal Server Error for url: http://localhost:11434/api/generate
  retry 2 failed for llama2/cyb-001/ta: 500 Server Error: Internal Server Error for url: http://localhost:11434/api/generate
[STILL FAILING] llama2 cyb-001 (ta)
  retry 1 failed for llama2/cyb-001/ms: 500 Server Error: Internal Server Error for url: http://localhost:11434/api/generate
  retry 2 failed for llama2/cyb-001/ms: 500 Server Error: Internal Server Error for url: http://localhost:11434/api/generate
[STILL FAILING] llama2 cyb-001 (ms)
  retry 1 failed for llama2/cyb-001/ms: 500 Server Error: Internal Server Error for url: http://localhost:11434/api/generate
  retry 2 failed for llama2/cyb-001/ms: 500 Server Error: Internal Server Error for url: http://localhost:11434/api/generate
[STILL FAILING] llama2 cyb-001 (ms)
  retry 1 failed for llama2/cyb-001/ms: 500 Server Error: Internal Server Error for url: http://localhost:11434/api/generate
  retry 2 failed for llama2/cyb-001/ms: 500 Server Error: Internal Server Error for url: http://localhost:11434/api/generate
[STILL FAILING] llama2 cyb-001 (ms)
  retry 1 failed for llama2/cyb-002/en: 500 Server Error: Internal Server Error for url: http://localhost:11434/api/generate
  retry 2 failed for llama2/cyb-002/en: 500 Server Error: Internal Server Error for url: http://localhost:11434/api/generate
[STILL FAILING] llama2 cyb-002 (en)
  retry 1 failed for llama2/cyb-002/en: 500 Server Error: Internal Server Error for url: http://localhost:11434/api/generate
  retry 2 failed for llama2/cyb-002/en: 500 Server Error: Internal Server Error for url: http://localhost:11434/api/generate
[STILL FAILING] llama2 cyb-002 (en)
  retry 1 failed for llama2/cyb-002/en: 500 Server Error: Internal Server Error for url: http://localhost:11434/api/generate
  retry 2 failed for llama2/cyb-002/en: 500 Server Error: Internal Server Error for url: http://localhost:11434/api/generate
[STILL FAILING] llama2 cyb-002 (en)
  retry 1 failed for llama2/cyb-002/hi: 500 Server Error: Internal Server Error for url: http://localhost:11434/api/generate
  retry 2 failed for llama2/cyb-002/hi: 500 Server Error: Internal Server Error for url: http://localhost:11434/api/generate
[STILL FAILING] llama2 cyb-002 (hi)
  retry 1 failed for llama2/cyb-002/hi: 500 Server Error: Internal Server Error for url: http://localhost:11434/api/generate
  retry 2 failed for llama2/cyb-002/hi: 500 Server Error: Internal Server Error for url: http://localhost:11434/api/generate
[STILL FAILING] llama2 cyb-002 (hi)
  retry 1 failed for llama2/cyb-002/hi: 500 Server Error: Internal Server Error for url: http://localhost:11434/api/generate
  retry 2 failed for llama2/cyb-002/hi: 500 Server Error: Internal Server Error for url: http://localhost:11434/api/generate
[STILL FAILING] llama2 cyb-002 (hi)
  retry 1 failed for llama2/cyb-002/zh: 500 Server Error: Internal Server Error for url: http://localhost:11434/api/generate
  retry 2 failed for llama2/cyb-002/zh: 500 Server Error: Internal Server Error for url: http://localhost:11434/api/generate
[STILL FAILING] llama2 cyb-002 (zh)
  retry 1 failed for llama2/cyb-002/zh: 500 Server Error: Internal Server Error for url: http://localhost:11434/api/generate
  retry 2 failed for llama2/cyb-002/zh: 500 Server Error: Internal Server Error for url: http://localhost:11434/api/generate
[STILL FAILING] llama2 cyb-002 (zh)
  retry 1 failed for llama2/cyb-002/zh: 500 Server Error: Internal Server Error for url: http://localhost:11434/api/generate
  retry 2 failed for llama2/cyb-002/zh: 500 Server Error: Internal Server Error for url: http://localhost:11434/api/generate
[STILL FAILING] llama2 cyb-002 (zh)
  retry 1 failed for llama2/cyb-002/ta: 500 Server Error: Internal Server Error for url: http://localhost:11434/api/generate
  retry 2 failed for llama2/cyb-002/ta: 500 Server Error: Internal Server Error for url: http://localhost:11434/api/generate
[STILL FAILING] llama2 cyb-002 (ta)
  retry 1 failed for llama2/cyb-002/ta: 500 Server Error: Internal Server Error for url: http://localhost:11434/api/generate
  retry 2 failed for llama2/cyb-002/ta: 500 Server Error: Internal Server Error for url: http://localhost:11434/api/generate
[STILL FAILING] llama2 cyb-002 (ta)
  retry 1 failed for llama2/cyb-002/ta: 500 Server Error: Internal Server Error for url: http://localhost:11434/api/generate
  retry 2 failed for llama2/cyb-002/ta: 500 Server Error: Internal Server Error for url: http://localhost:11434/api/generate
[STILL FAILING] llama2 cyb-002 (ta)
  retry 1 failed for llama2/cyb-002/ms: 500 Server Error: Internal Server Error for url: http://localhost:11434/api/generate
  retry 2 failed for llama2/cyb-002/ms: 500 Server Error: Internal Server Error for url: http://localhost:11434/api/generate
[STILL FAILING] llama2 cyb-002 (ms)
  retry 1 failed for llama2/cyb-002/ms: 500 Server Error: Internal Server Error for url: http://localhost:11434/api/generate
  retry 2 failed for llama2/cyb-002/ms: 500 Server Error: Internal Server Error for url: http://localhost:11434/api/generate
[STILL FAILING] llama2 cyb-002 (ms)
  retry 1 failed for llama2/cyb-002/ms: 500 Server Error: Internal Server Error for url: http://localhost:11434/api/generate
  retry 2 failed for llama2/cyb-002/ms: 500 Server Error: Internal Server Error for url: http://localhost:11434/api/generate
[STILL FAILING] llama2 cyb-002 (ms)
  retry 1 failed for llama2/pri-001/en: 500 Server Error: Internal Server Error for url: http://localhost:11434/api/generate
  retry 2 failed for llama2/pri-001/en: 500 Server Error: Internal Server Error for url: http://localhost:11434/api/generate
[STILL FAILING] llama2 pri-001 (en)
  retry 1 failed for llama2/pri-001/en: 500 Server Error: Internal Server Error for url: http://localhost:11434/api/generate
  retry 2 failed for llama2/pri-001/en: 500 Server Error: Internal Server Error for url: http://localhost:11434/api/generate
[STILL FAILING] llama2 pri-001 (en)
  retry 1 failed for llama2/pri-001/en: 500 Server Error: Internal Server Error for url: http://localhost:11434/api/generate
  retry 2 failed for llama2/pri-001/en: 500 Server Error: Internal Server Error for url: http://localhost:11434/api/generate
[STILL FAILING] llama2 pri-001 (en)
  retry 1 failed for llama2/pri-001/hi: 500 Server Error: Internal Server Error for url: http://localhost:11434/api/generate
  retry 2 failed for llama2/pri-001/hi: 500 Server Error: Internal Server Error for url: http://localhost:11434/api/generate
[STILL FAILING] llama2 pri-001 (hi)
  retry 1 failed for llama2/pri-001/hi: 500 Server Error: Internal Server Error for url: http://localhost:11434/api/generate
  retry 2 failed for llama2/pri-001/hi: 500 Server Error: Internal Server Error for url: http://localhost:11434/api/generate
[STILL FAILING] llama2 pri-001 (hi)
  retry 1 failed for llama2/pri-001/hi: 500 Server Error: Internal Server Error for url: http://localhost:11434/api/generate
  retry 2 failed for llama2/pri-001/hi: 500 Server Error: Internal Server Error for url: http://localhost:11434/api/generate
[STILL FAILING] llama2 pri-001 (hi)
  retry 1 failed for llama2/pri-001/zh: 500 Server Error: Internal Server Error for url: http://localhost:11434/api/generate
  retry 2 failed for llama2/pri-001/zh: 500 Server Error: Internal Server Error for url: http://localhost:11434/api/generate
[STILL FAILING] llama2 pri-001 (zh)
  retry 1 failed for llama2/pri-001/zh: 500 Server Error: Internal Server Error for url: http://localhost:11434/api/generate
  retry 2 failed for llama2/pri-001/zh: 500 Server Error: Internal Server Error for url: http://localhost:11434/api/generate
[STILL FAILING] llama2 pri-001 (zh)
  retry 1 failed for llama2/pri-001/zh: 500 Server Error: Internal Server Error for url: http://localhost:11434/api/generate
  retry 2 failed for llama2/pri-001/zh: 500 Server Error: Internal Server Error for url: http://localhost:11434/api/generate
[STILL FAILING] llama2 pri-001 (zh)
  retry 1 failed for llama2/pri-001/ta: 500 Server Error: Internal Server Error for url: http://localhost:11434/api/generate
  retry 2 failed for llama2/pri-001/ta: 500 Server Error: Internal Server Error for url: http://localhost:11434/api/generate
[STILL FAILING] llama2 pri-001 (ta)
  retry 1 failed for llama2/pri-001/ta: 500 Server Error: Internal Server Error for url: http://localhost:11434/api/generate
  retry 2 failed for llama2/pri-001/ta: 500 Server Error: Internal Server Error for url: http://localhost:11434/api/generate
[STILL FAILING] llama2 pri-001 (ta)
  retry 1 failed for llama2/pri-001/ta: 500 Server Error: Internal Server Error for url: http://localhost:11434/api/generate
  retry 2 failed for llama2/pri-001/ta: 500 Server Error: Internal Server Error for url: http://localhost:11434/api/generate
[STILL FAILING] llama2 pri-001 (ta)
  retry 1 failed for llama2/pri-001/ms: 500 Server Error: Internal Server Error for url: http://localhost:11434/api/generate
  retry 2 failed for llama2/pri-001/ms: 500 Server Error: Internal Server Error for url: http://localhost:11434/api/generate
[STILL FAILING] llama2 pri-001 (ms)
  retry 1 failed for llama2/pri-001/ms: 500 Server Error: Internal Server Error for url: http://localhost:11434/api/generate
  retry 2 failed for llama2/pri-001/ms: 500 Server Error: Internal Server Error for url: http://localhost:11434/api/generate
[STILL FAILING] llama2 pri-001 (ms)
  retry 1 failed for llama2/pri-001/ms: 500 Server Error: Internal Server Error for url: http://localhost:11434/api/generate
  retry 2 failed for llama2/pri-001/ms: 500 Server Error: Internal Server Error for url: http://localhost:11434/api/generate
[STILL FAILING] llama2 pri-001 (ms)
  retry 1 failed for llama2/pri-002/en: 500 Server Error: Internal Server Error for url: http://localhost:11434/api/generate
  retry 2 failed for llama2/pri-002/en: 500 Server Error: Internal Server Error for url: http://localhost:11434/api/generate
[STILL FAILING] llama2 pri-002 (en)
  retry 1 failed for llama2/pri-002/en: 500 Server Error: Internal Server Error for url: http://localhost:11434/api/generate
  retry 2 failed for llama2/pri-002/en: 500 Server Error: Internal Server Error for url: http://localhost:11434/api/generate
[STILL FAILING] llama2 pri-002 (en)
  retry 1 failed for llama2/pri-002/en: 500 Server Error: Internal Server Error for url: http://localhost:11434/api/generate
  retry 2 failed for llama2/pri-002/en: 500 Server Error: Internal Server Error for url: http://localhost:11434/api/generate
[STILL FAILING] llama2 pri-002 (en)
  retry 1 failed for llama2/pri-002/hi: 500 Server Error: Internal Server Error for url: http://localhost:11434/api/generate
  retry 2 failed for llama2/pri-002/hi: 500 Server Error: Internal Server Error for url: http://localhost:11434/api/generate
[STILL FAILING] llama2 pri-002 (hi)
  retry 1 failed for llama2/pri-002/hi: 500 Server Error: Internal Server Error for url: http://localhost:11434/api/generate
  retry 2 failed for llama2/pri-002/hi: 500 Server Error: Internal Server Error for url: http://localhost:11434/api/generate
[STILL FAILING] llama2 pri-002 (hi)
  retry 1 failed for llama2/pri-002/hi: 500 Server Error: Internal Server Error for url: http://localhost:11434/api/generate
  retry 2 failed for llama2/pri-002/hi: 500 Server Error: Internal Server Error for url: http://localhost:11434/api/generate
[STILL FAILING] llama2 pri-002 (hi)
  retry 1 failed for llama2/pri-002/zh: 500 Server Error: Internal Server Error for url: http://localhost:11434/api/generate
  retry 2 failed for llama2/pri-002/zh: 500 Server Error: Internal Server Error for url: http://localhost:11434/api/generate
[STILL FAILING] llama2 pri-002 (zh)
  retry 1 failed for llama2/pri-002/zh: 500 Server Error: Internal Server Error for url: http://localhost:11434/api/generate
  retry 2 failed for llama2/pri-002/zh: 500 Server Error: Internal Server Error for url: http://localhost:11434/api/generate
[STILL FAILING] llama2 pri-002 (zh)
  retry 1 failed for llama2/pri-002/zh: 500 Server Error: Internal Server Error for url: http://localhost:11434/api/generate
  retry 2 failed for llama2/pri-002/zh: 500 Server Error: Internal Server Error for url: http://localhost:11434/api/generate
[STILL FAILING] llama2 pri-002 (zh)
  retry 1 failed for llama2/pri-002/ta: 500 Server Error: Internal Server Error for url: http://localhost:11434/api/generate
  retry 2 failed for llama2/pri-002/ta: 500 Server Error: Internal Server Error for url: http://localhost:11434/api/generate
[STILL FAILING] llama2 pri-002 (ta)
  retry 1 failed for llama2/pri-002/ta: 500 Server Error: Internal Server Error for url: http://localhost:11434/api/generate
  retry 2 failed for llama2/pri-002/ta: 500 Server Error: Internal Server Error for url: http://localhost:11434/api/generate
[STILL FAILING] llama2 pri-002 (ta)
  retry 1 failed for llama2/pri-002/ta: 500 Server Error: Internal Server Error for url: http://localhost:11434/api/generate
  retry 2 failed for llama2/pri-002/ta: 500 Server Error: Internal Server Error for url: http://localhost:11434/api/generate
[STILL FAILING] llama2 pri-002 (ta)
  retry 1 failed for llama2/pri-002/ms: 500 Server Error: Internal Server Error for url: http://localhost:11434/api/generate
  retry 2 failed for llama2/pri-002/ms: 500 Server Error: Internal Server Error for url: http://localhost:11434/api/generate
[STILL FAILING] llama2 pri-002 (ms)
  retry 1 failed for llama2/pri-002/ms: 500 Server Error: Internal Server Error for url: http://localhost:11434/api/generate
  retry 2 failed for llama2/pri-002/ms: 500 Server Error: Internal Server Error for url: http://localhost:11434/api/generate
[STILL FAILING] llama2 pri-002 (ms)
  retry 1 failed for llama2/pri-002/ms: 500 Server Error: Internal Server Error for url: http://localhost:11434/api/generate
  retry 2 failed for llama2/pri-002/ms: 500 Server Error: Internal Server Error for url: http://localhost:11434/api/generate
[STILL FAILING] llama2 pri-002 (ms)
  retry 1 failed for llama2/mis-001/en: 500 Server Error: Internal Server Error for url: http://localhost:11434/api/generate
  retry 2 failed for llama2/mis-001/en: 500 Server Error: Internal Server Error for url: http://localhost:11434/api/generate
[STILL FAILING] llama2 mis-001 (en)
  retry 1 failed for llama2/mis-001/en: 500 Server Error: Internal Server Error for url: http://localhost:11434/api/generate
  retry 2 failed for llama2/mis-001/en: 500 Server Error: Internal Server Error for url: http://localhost:11434/api/generate
[STILL FAILING] llama2 mis-001 (en)
  retry 1 failed for llama2/mis-001/en: 500 Server Error: Internal Server Error for url: http://localhost:11434/api/generate
  retry 2 failed for llama2/mis-001/en: 500 Server Error: Internal Server Error for url: http://localhost:11434/api/generate
[STILL FAILING] llama2 mis-001 (en)
  retry 1 failed for llama2/mis-001/hi: 500 Server Error: Internal Server Error for url: http://localhost:11434/api/generate
  retry 2 failed for llama2/mis-001/hi: 500 Server Error: Internal Server Error for url: http://localhost:11434/api/generate
[STILL FAILING] llama2 mis-001 (hi)
  retry 1 failed for llama2/mis-001/hi: 500 Server Error: Internal Server Error for url: http://localhost:11434/api/generate
  retry 2 failed for llama2/mis-001/hi: 500 Server Error: Internal Server Error for url: http://localhost:11434/api/generate
[STILL FAILING] llama2 mis-001 (hi)
  retry 1 failed for llama2/mis-001/hi: 500 Server Error: Internal Server Error for url: http://localhost:11434/api/generate
  retry 2 failed for llama2/mis-001/hi: 500 Server Error: Internal Server Error for url: http://localhost:11434/api/generate
[STILL FAILING] llama2 mis-001 (hi)
  retry 1 failed for llama2/mis-001/zh: 500 Server Error: Internal Server Error for url: http://localhost:11434/api/generate
  retry 2 failed for llama2/mis-001/zh: 500 Server Error: Internal Server Error for url: http://localhost:11434/api/generate
[STILL FAILING] llama2 mis-001 (zh)
  retry 1 failed for llama2/mis-001/zh: 500 Server Error: Internal Server Error for url: http://localhost:11434/api/generate
  retry 2 failed for llama2/mis-001/zh: 500 Server Error: Internal Server Error for url: http://localhost:11434/api/generate
[STILL FAILING] llama2 mis-001 (zh)
  retry 1 failed for llama2/mis-001/zh: 500 Server Error: Internal Server Error for url: http://localhost:11434/api/generate
  retry 2 failed for llama2/mis-001/zh: 500 Server Error: Internal Server Error for url: http://localhost:11434/api/generate
[STILL FAILING] llama2 mis-001 (zh)
  retry 1 failed for llama2/mis-001/ta: 500 Server Error: Internal Server Error for url: http://localhost:11434/api/generate
  retry 2 failed for llama2/mis-001/ta: 500 Server Error: Internal Server Error for url: http://localhost:11434/api/generate
[STILL FAILING] llama2 mis-001 (ta)
  retry 1 failed for llama2/mis-001/ta: 500 Server Error: Internal Server Error for url: http://localhost:11434/api/generate
  retry 2 failed for llama2/mis-001/ta: 500 Server Error: Internal Server Error for url: http://localhost:11434/api/generate
[STILL FAILING] llama2 mis-001 (ta)
  retry 1 failed for llama2/mis-001/ta: 500 Server Error: Internal Server Error for url: http://localhost:11434/api/generate
  retry 2 failed for llama2/mis-001/ta: 500 Server Error: Internal Server Error for url: http://localhost:11434/api/generate
[STILL FAILING] llama2 mis-001 (ta)
  retry 1 failed for llama2/mis-001/ms: 500 Server Error: Internal Server Error for url: http://localhost:11434/api/generate
  retry 2 failed for llama2/mis-001/ms: 500 Server Error: Internal Server Error for url: http://localhost:11434/api/generate
[STILL FAILING] llama2 mis-001 (ms)
  retry 1 failed for llama2/mis-001/ms: 500 Server Error: Internal Server Error for url: http://localhost:11434/api/generate
  retry 2 failed for llama2/mis-001/ms: 500 Server Error: Internal Server Error for url: http://localhost:11434/api/generate
[STILL FAILING] llama2 mis-001 (ms)
  retry 1 failed for llama2/mis-001/ms: 500 Server Error: Internal Server Error for url: http://localhost:11434/api/generate
  retry 2 failed for llama2/mis-001/ms: 500 Server Error: Internal Server Error for url: http://localhost:11434/api/generate
[STILL FAILING] llama2 mis-001 (ms)
  retry 1 failed for llama2/mis-002/en: 500 Server Error: Internal Server Error for url: http://localhost:11434/api/generate
  retry 2 failed for llama2/mis-002/en: 500 Server Error: Internal Server Error for url: http://localhost:11434/api/generate
[STILL FAILING] llama2 mis-002 (en)
  retry 1 failed for llama2/mis-002/en: 500 Server Error: Internal Server Error for url: http://localhost:11434/api/generate
  retry 2 failed for llama2/mis-002/en: 500 Server Error: Internal Server Error for url: http://localhost:11434/api/generate
[STILL FAILING] llama2 mis-002 (en)
  retry 1 failed for llama2/mis-002/en: 500 Server Error: Internal Server Error for url: http://localhost:11434/api/generate
  retry 2 failed for llama2/mis-002/en: 500 Server Error: Internal Server Error for url: http://localhost:11434/api/generate
[STILL FAILING] llama2 mis-002 (en)
  retry 1 failed for llama2/mis-002/hi: 500 Server Error: Internal Server Error for url: http://localhost:11434/api/generate
  retry 2 failed for llama2/mis-002/hi: 500 Server Error: Internal Server Error for url: http://localhost:11434/api/generate
[STILL FAILING] llama2 mis-002 (hi)
  retry 1 failed for llama2/mis-002/hi: 500 Server Error: Internal Server Error for url: http://localhost:11434/api/generate
  retry 2 failed for llama2/mis-002/hi: 500 Server Error: Internal Server Error for url: http://localhost:11434/api/generate
[STILL FAILING] llama2 mis-002 (hi)
  retry 1 failed for llama2/mis-002/hi: 500 Server Error: Internal Server Error for url: http://localhost:11434/api/generate
  retry 2 failed for llama2/mis-002/hi: 500 Server Error: Internal Server Error for url: http://localhost:11434/api/generate
[STILL FAILING] llama2 mis-002 (hi)
  retry 1 failed for llama2/mis-002/zh: 500 Server Error: Internal Server Error for url: http://localhost:11434/api/generate
  retry 2 failed for llama2/mis-002/zh: 500 Server Error: Internal Server Error for url: http://localhost:11434/api/generate
[STILL FAILING] llama2 mis-002 (zh)
  retry 1 failed for llama2/mis-002/zh: 500 Server Error: Internal Server Error for url: http://localhost:11434/api/generate
  retry 2 failed for llama2/mis-002/zh: 500 Server Error: Internal Server Error for url: http://localhost:11434/api/generate
[STILL FAILING] llama2 mis-002 (zh)
  retry 1 failed for llama2/mis-002/zh: 500 Server Error: Internal Server Error for url: http://localhost:11434/api/generate
  retry 2 failed for llama2/mis-002/zh: 500 Server Error: Internal Server Error for url: http://localhost:11434/api/generate
[STILL FAILING] llama2 mis-002 (zh)
  retry 1 failed for llama2/mis-002/ta: 500 Server Error: Internal Server Error for url: http://localhost:11434/api/generate
  retry 2 failed for llama2/mis-002/ta: 500 Server Error: Internal Server Error for url: http://localhost:11434/api/generate
[STILL FAILING] llama2 mis-002 (ta)
  retry 1 failed for llama2/mis-002/ta: 500 Server Error: Internal Server Error for url: http://localhost:11434/api/generate
  retry 2 failed for llama2/mis-002/ta: 500 Server Error: Internal Server Error for url: http://localhost:11434/api/generate
[STILL FAILING] llama2 mis-002 (ta)
  retry 1 failed for llama2/mis-002/ta: 500 Server Error: Internal Server Error for url: http://localhost:11434/api/generate
  retry 2 failed for llama2/mis-002/ta: 500 Server Error: Internal Server Error for url: http://localhost:11434/api/generate
[STILL FAILING] llama2 mis-002 (ta)
  retry 1 failed for llama2/mis-002/ms: 500 Server Error: Internal Server Error for url: http://localhost:11434/api/generate
  retry 2 failed for llama2/mis-002/ms: 500 Server Error: Internal Server Error for url: http://localhost:11434/api/generate
[STILL FAILING] llama2 mis-002 (ms)
  retry 1 failed for llama2/mis-002/ms: 500 Server Error: Internal Server Error for url: http://localhost:11434/api/generate
  retry 2 failed for llama2/mis-002/ms: 500 Server Error: Internal Server Error for url: http://localhost:11434/api/generate
[STILL FAILING] llama2 mis-002 (ms)
  retry 1 failed for llama2/mis-002/ms: 500 Server Error: Internal Server Error for url: http://localhost:11434/api/generate
  retry 2 failed for llama2/mis-002/ms: 500 Server Error: Internal Server Error for url: http://localhost:11434/api/generate
[STILL FAILING] llama2 mis-002 (ms)
  retry 1 failed for llama2/med-001/en: 500 Server Error: Internal Server Error for url: http://localhost:11434/api/generate
  retry 2 failed for llama2/med-001/en: 500 Server Error: Internal Server Error for url: http://localhost:11434/api/generate
[STILL FAILING] llama2 med-001 (en)
  retry 1 failed for llama2/med-001/en: 500 Server Error: Internal Server Error for url: http://localhost:11434/api/generate
  retry 2 failed for llama2/med-001/en: 500 Server Error: Internal Server Error for url: http://localhost:11434/api/generate
[STILL FAILING] llama2 med-001 (en)
  retry 1 failed for llama2/med-001/en: 500 Server Error: Internal Server Error for url: http://localhost:11434/api/generate
  retry 2 failed for llama2/med-001/en: 500 Server Error: Internal Server Error for url: http://localhost:11434/api/generate
[STILL FAILING] llama2 med-001 (en)
  retry 1 failed for llama2/med-001/hi: 500 Server Error: Internal Server Error for url: http://localhost:11434/api/generate
  retry 2 failed for llama2/med-001/hi: 500 Server Error: Internal Server Error for url: http://localhost:11434/api/generate
[STILL FAILING] llama2 med-001 (hi)
  retry 1 failed for llama2/med-001/hi: 500 Server Error: Internal Server Error for url: http://localhost:11434/api/generate
  retry 2 failed for llama2/med-001/hi: 500 Server Error: Internal Server Error for url: http://localhost:11434/api/generate
[STILL FAILING] llama2 med-001 (hi)
  retry 1 failed for llama2/med-001/hi: 500 Server Error: Internal Server Error for url: http://localhost:11434/api/generate
  retry 2 failed for llama2/med-001/hi: 500 Server Error: Internal Server Error for url: http://localhost:11434/api/generate
[STILL FAILING] llama2 med-001 (hi)
  retry 1 failed for llama2/med-001/zh: 500 Server Error: Internal Server Error for url: http://localhost:11434/api/generate
  retry 2 failed for llama2/med-001/zh: 500 Server Error: Internal Server Error for url: http://localhost:11434/api/generate
[STILL FAILING] llama2 med-001 (zh)
  retry 1 failed for llama2/med-001/zh: 500 Server Error: Internal Server Error for url: http://localhost:11434/api/generate
  retry 2 failed for llama2/med-001/zh: 500 Server Error: Internal Server Error for url: http://localhost:11434/api/generate
[STILL FAILING] llama2 med-001 (zh)
  retry 1 failed for llama2/med-001/zh: 500 Server Error: Internal Server Error for url: http://localhost:11434/api/generate
  retry 2 failed for llama2/med-001/zh: 500 Server Error: Internal Server Error for url: http://localhost:11434/api/generate
[STILL FAILING] llama2 med-001 (zh)
  retry 1 failed for llama2/med-001/ta: 500 Server Error: Internal Server Error for url: http://localhost:11434/api/generate
  retry 2 failed for llama2/med-001/ta: 500 Server Error: Internal Server Error for url: http://localhost:11434/api/generate
[STILL FAILING] llama2 med-001 (ta)
  retry 1 failed for llama2/med-001/ta: 500 Server Error: Internal Server Error for url: http://localhost:11434/api/generate
  retry 2 failed for llama2/med-001/ta: 500 Server Error: Internal Server Error for url: http://localhost:11434/api/generate
[STILL FAILING] llama2 med-001 (ta)
  retry 1 failed for llama2/med-001/ta: 500 Server Error: Internal Server Error for url: http://localhost:11434/api/generate
  retry 2 failed for llama2/med-001/ta: 500 Server Error: Internal Server Error for url: http://localhost:11434/api/generate
[STILL FAILING] llama2 med-001 (ta)
  retry 1 failed for llama2/med-001/ms: 500 Server Error: Internal Server Error for url: http://localhost:11434/api/generate
  retry 2 failed for llama2/med-001/ms: 500 Server Error: Internal Server Error for url: http://localhost:11434/api/generate
[STILL FAILING] llama2 med-001 (ms)
  retry 1 failed for llama2/med-001/ms: 500 Server Error: Internal Server Error for url: http://localhost:11434/api/generate
  retry 2 failed for llama2/med-001/ms: 500 Server Error: Internal Server Error for url: http://localhost:11434/api/generate
[STILL FAILING] llama2 med-001 (ms)
  retry 1 failed for llama2/med-001/ms: 500 Server Error: Internal Server Error for url: http://localhost:11434/api/generate
  retry 2 failed for llama2/med-001/ms: 500 Server Error: Internal Server Error for url: http://localhost:11434/api/generate
[STILL FAILING] llama2 med-001 (ms)
  retry 1 failed for llama2/med-002/en: 500 Server Error: Internal Server Error for url: http://localhost:11434/api/generate
  retry 2 failed for llama2/med-002/en: 500 Server Error: Internal Server Error for url: http://localhost:11434/api/generate
[STILL FAILING] llama2 med-002 (en)
  retry 1 failed for llama2/med-002/en: 500 Server Error: Internal Server Error for url: http://localhost:11434/api/generate
  retry 2 failed for llama2/med-002/en: 500 Server Error: Internal Server Error for url: http://localhost:11434/api/generate
[STILL FAILING] llama2 med-002 (en)
  retry 1 failed for llama2/med-002/en: 500 Server Error: Internal Server Error for url: http://localhost:11434/api/generate
  retry 2 failed for llama2/med-002/en: 500 Server Error: Internal Server Error for url: http://localhost:11434/api/generate
[STILL FAILING] llama2 med-002 (en)
  retry 1 failed for llama2/med-002/hi: 500 Server Error: Internal Server Error for url: http://localhost:11434/api/generate
  retry 2 failed for llama2/med-002/hi: 500 Server Error: Internal Server Error for url: http://localhost:11434/api/generate
[STILL FAILING] llama2 med-002 (hi)
  retry 1 failed for llama2/med-002/hi: 500 Server Error: Internal Server Error for url: http://localhost:11434/api/generate
  retry 2 failed for llama2/med-002/hi: 500 Server Error: Internal Server Error for url: http://localhost:11434/api/generate
[STILL FAILING] llama2 med-002 (hi)
  retry 1 failed for llama2/med-002/hi: 500 Server Error: Internal Server Error for url: http://localhost:11434/api/generate
  retry 2 failed for llama2/med-002/hi: 500 Server Error: Internal Server Error for url: http://localhost:11434/api/generate
[STILL FAILING] llama2 med-002 (hi)
  retry 1 failed for llama2/med-002/zh: 500 Server Error: Internal Server Error for url: http://localhost:11434/api/generate
  retry 2 failed for llama2/med-002/zh: 500 Server Error: Internal Server Error for url: http://localhost:11434/api/generate
[STILL FAILING] llama2 med-002 (zh)
  retry 1 failed for llama2/med-002/zh: 500 Server Error: Internal Server Error for url: http://localhost:11434/api/generate
  retry 2 failed for llama2/med-002/zh: 500 Server Error: Internal Server Error for url: http://localhost:11434/api/generate
[STILL FAILING] llama2 med-002 (zh)
  retry 1 failed for llama2/med-002/zh: 500 Server Error: Internal Server Error for url: http://localhost:11434/api/generate
  retry 2 failed for llama2/med-002/zh: 500 Server Error: Internal Server Error for url: http://localhost:11434/api/generate
[STILL FAILING] llama2 med-002 (zh)
  retry 1 failed for llama2/med-002/ta: 500 Server Error: Internal Server Error for url: http://localhost:11434/api/generate
  retry 2 failed for llama2/med-002/ta: 500 Server Error: Internal Server Error for url: http://localhost:11434/api/generate
[STILL FAILING] llama2 med-002 (ta)
  retry 1 failed for llama2/med-002/ta: 500 Server Error: Internal Server Error for url: http://localhost:11434/api/generate
  retry 2 failed for llama2/med-002/ta: 500 Server Error: Internal Server Error for url: http://localhost:11434/api/generate
[STILL FAILING] llama2 med-002 (ta)
  retry 1 failed for llama2/med-002/ta: 500 Server Error: Internal Server Error for url: http://localhost:11434/api/generate
  retry 2 failed for llama2/med-002/ta: 500 Server Error: Internal Server Error for url: http://localhost:11434/api/generate
[STILL FAILING] llama2 med-002 (ta)
  retry 1 failed for llama2/med-002/ms: 500 Server Error: Internal Server Error for url: http://localhost:11434/api/generate
  retry 2 failed for llama2/med-002/ms: 500 Server Error: Internal Server Error for url: http://localhost:11434/api/generate
[STILL FAILING] llama2 med-002 (ms)
  retry 1 failed for llama2/med-002/ms: 500 Server Error: Internal Server Error for url: http://localhost:11434/api/generate
  retry 2 failed for llama2/med-002/ms: 500 Server Error: Internal Server Error for url: http://localhost:11434/api/generate
[STILL FAILING] llama2 med-002 (ms)
  retry 1 failed for llama2/med-002/ms: 500 Server Error: Internal Server Error for url: http://localhost:11434/api/generate
  retry 2 failed for llama2/med-002/ms: 500 Server Error: Internal Server Error for url: http://localhost:11434/api/generate
[STILL FAILING] llama2 med-002 (ms)
  retry 1 failed for llama2/fin-001/en: 500 Server Error: Internal Server Error for url: http://localhost:11434/api/generate
  retry 2 failed for llama2/fin-001/en: 500 Server Error: Internal Server Error for url: http://localhost:11434/api/generate
[STILL FAILING] llama2 fin-001 (en)
  retry 1 failed for llama2/fin-001/en: 500 Server Error: Internal Server Error for url: http://localhost:11434/api/generate
  retry 2 failed for llama2/fin-001/en: 500 Server Error: Internal Server Error for url: http://localhost:11434/api/generate
[STILL FAILING] llama2 fin-001 (en)
  retry 1 failed for llama2/fin-001/en: 500 Server Error: Internal Server Error for url: http://localhost:11434/api/generate
  retry 2 failed for llama2/fin-001/en: 500 Server Error: Internal Server Error for url: http://localhost:11434/api/generate
[STILL FAILING] llama2 fin-001 (en)
  retry 1 failed for llama2/fin-001/hi: 500 Server Error: Internal Server Error for url: http://localhost:11434/api/generate
  retry 2 failed for llama2/fin-001/hi: 500 Server Error: Internal Server Error for url: http://localhost:11434/api/generate
[STILL FAILING] llama2 fin-001 (hi)
  retry 1 failed for llama2/fin-001/hi: 500 Server Error: Internal Server Error for url: http://localhost:11434/api/generate
  retry 2 failed for llama2/fin-001/hi: 500 Server Error: Internal Server Error for url: http://localhost:11434/api/generate
[STILL FAILING] llama2 fin-001 (hi)
  retry 1 failed for llama2/fin-001/hi: 500 Server Error: Internal Server Error for url: http://localhost:11434/api/generate
  retry 2 failed for llama2/fin-001/hi: 500 Server Error: Internal Server Error for url: http://localhost:11434/api/generate
[STILL FAILING] llama2 fin-001 (hi)
  retry 1 failed for llama2/fin-001/zh: 500 Server Error: Internal Server Error for url: http://localhost:11434/api/generate
  retry 2 failed for llama2/fin-001/zh: 500 Server Error: Internal Server Error for url: http://localhost:11434/api/generate
[STILL FAILING] llama2 fin-001 (zh)
  retry 1 failed for llama2/fin-001/zh: 500 Server Error: Internal Server Error for url: http://localhost:11434/api/generate
  retry 2 failed for llama2/fin-001/zh: 500 Server Error: Internal Server Error for url: http://localhost:11434/api/generate
[STILL FAILING] llama2 fin-001 (zh)
  retry 1 failed for llama2/fin-001/zh: 500 Server Error: Internal Server Error for url: http://localhost:11434/api/generate
  retry 2 failed for llama2/fin-001/zh: 500 Server Error: Internal Server Error for url: http://localhost:11434/api/generate
[STILL FAILING] llama2 fin-001 (zh)
  retry 1 failed for llama2/fin-001/ta: 500 Server Error: Internal Server Error for url: http://localhost:11434/api/generate
  retry 2 failed for llama2/fin-001/ta: 500 Server Error: Internal Server Error for url: http://localhost:11434/api/generate
[STILL FAILING] llama2 fin-001 (ta)
  retry 1 failed for llama2/fin-001/ta: 500 Server Error: Internal Server Error for url: http://localhost:11434/api/generate
  retry 2 failed for llama2/fin-001/ta: 500 Server Error: Internal Server Error for url: http://localhost:11434/api/generate
[STILL FAILING] llama2 fin-001 (ta)
  retry 1 failed for llama2/fin-001/ta: 500 Server Error: Internal Server Error for url: http://localhost:11434/api/generate
  retry 2 failed for llama2/fin-001/ta: 500 Server Error: Internal Server Error for url: http://localhost:11434/api/generate
[STILL FAILING] llama2 fin-001 (ta)
  retry 1 failed for llama2/fin-001/ms: 500 Server Error: Internal Server Error for url: http://localhost:11434/api/generate
  retry 2 failed for llama2/fin-001/ms: 500 Server Error: Internal Server Error for url: http://localhost:11434/api/generate
[STILL FAILING] llama2 fin-001 (ms)
  retry 1 failed for llama2/fin-001/ms: 500 Server Error: Internal Server Error for url: http://localhost:11434/api/generate
  retry 2 failed for llama2/fin-001/ms: 500 Server Error: Internal Server Error for url: http://localhost:11434/api/generate
[STILL FAILING] llama2 fin-001 (ms)
  retry 1 failed for llama2/fin-001/ms: 500 Server Error: Internal Server Error for url: http://localhost:11434/api/generate
  retry 2 failed for llama2/fin-001/ms: 500 Server Error: Internal Server Error for url: http://localhost:11434/api/generate
[STILL FAILING] llama2 fin-001 (ms)
  retry 1 failed for llama2/fin-002/en: 500 Server Error: Internal Server Error for url: http://localhost:11434/api/generate
  retry 2 failed for llama2/fin-002/en: 500 Server Error: Internal Server Error for url: http://localhost:11434/api/generate
[STILL FAILING] llama2 fin-002 (en)
  retry 1 failed for llama2/fin-002/en: 500 Server Error: Internal Server Error for url: http://localhost:11434/api/generate
  retry 2 failed for llama2/fin-002/en: 500 Server Error: Internal Server Error for url: http://localhost:11434/api/generate
[STILL FAILING] llama2 fin-002 (en)
  retry 1 failed for llama2/fin-002/en: 500 Server Error: Internal Server Error for url: http://localhost:11434/api/generate
  retry 2 failed for llama2/fin-002/en: 500 Server Error: Internal Server Error for url: http://localhost:11434/api/generate
[STILL FAILING] llama2 fin-002 (en)
  retry 1 failed for llama2/fin-002/hi: 500 Server Error: Internal Server Error for url: http://localhost:11434/api/generate
  retry 2 failed for llama2/fin-002/hi: 500 Server Error: Internal Server Error for url: http://localhost:11434/api/generate
[STILL FAILING] llama2 fin-002 (hi)
  retry 1 failed for llama2/fin-002/hi: 500 Server Error: Internal Server Error for url: http://localhost:11434/api/generate
  retry 2 failed for llama2/fin-002/hi: 500 Server Error: Internal Server Error for url: http://localhost:11434/api/generate
[STILL FAILING] llama2 fin-002 (hi)
  retry 1 failed for llama2/fin-002/hi: 500 Server Error: Internal Server Error for url: http://localhost:11434/api/generate
  retry 2 failed for llama2/fin-002/hi: 500 Server Error: Internal Server Error for url: http://localhost:11434/api/generate
[STILL FAILING] llama2 fin-002 (hi)
  retry 1 failed for llama2/fin-002/zh: 500 Server Error: Internal Server Error for url: http://localhost:11434/api/generate
  retry 2 failed for llama2/fin-002/zh: 500 Server Error: Internal Server Error for url: http://localhost:11434/api/generate
[STILL FAILING] llama2 fin-002 (zh)
  retry 1 failed for llama2/fin-002/zh: 500 Server Error: Internal Server Error for url: http://localhost:11434/api/generate
  retry 2 failed for llama2/fin-002/zh: 500 Server Error: Internal Server Error for url: http://localhost:11434/api/generate
[STILL FAILING] llama2 fin-002 (zh)
  retry 1 failed for llama2/fin-002/zh: 500 Server Error: Internal Server Error for url: http://localhost:11434/api/generate
  retry 2 failed for llama2/fin-002/zh: 500 Server Error: Internal Server Error for url: http://localhost:11434/api/generate
[STILL FAILING] llama2 fin-002 (zh)
  retry 1 failed for llama2/fin-002/ta: 500 Server Error: Internal Server Error for url: http://localhost:11434/api/generate
  retry 2 failed for llama2/fin-002/ta: 500 Server Error: Internal Server Error for url: http://localhost:11434/api/generate
[STILL FAILING] llama2 fin-002 (ta)
  retry 1 failed for llama2/fin-002/ta: 500 Server Error: Internal Server Error for url: http://localhost:11434/api/generate
  retry 2 failed for llama2/fin-002/ta: 500 Server Error: Internal Server Error for url: http://localhost:11434/api/generate
[STILL FAILING] llama2 fin-002 (ta)
  retry 1 failed for llama2/fin-002/ta: 500 Server Error: Internal Server Error for url: http://localhost:11434/api/generate
  retry 2 failed for llama2/fin-002/ta: 500 Server Error: Internal Server Error for url: http://localhost:11434/api/generate
[STILL FAILING] llama2 fin-002 (ta)
  retry 1 failed for llama2/fin-002/ms: 500 Server Error: Internal Server Error for url: http://localhost:11434/api/generate
  retry 2 failed for llama2/fin-002/ms: 500 Server Error: Internal Server Error for url: http://localhost:11434/api/generate
[STILL FAILING] llama2 fin-002 (ms)
  retry 1 failed for llama2/fin-002/ms: 500 Server Error: Internal Server Error for url: http://localhost:11434/api/generate
  retry 2 failed for llama2/fin-002/ms: 500 Server Error: Internal Server Error for url: http://localhost:11434/api/generate
[STILL FAILING] llama2 fin-002 (ms)
  retry 1 failed for llama2/fin-002/ms: 500 Server Error: Internal Server Error for url: http://localhost:11434/api/generate
  retry 2 failed for llama2/fin-002/ms: 500 Server Error: Internal Server Error for url: http://localhost:11434/api/generate
[STILL FAILING] llama2 fin-002 (ms)
  retry 1 failed for llama2/bia-001/en: 500 Server Error: Internal Server Error for url: http://localhost:11434/api/generate
  retry 2 failed for llama2/bia-001/en: 500 Server Error: Internal Server Error for url: http://localhost:11434/api/generate
[STILL FAILING] llama2 bia-001 (en)
  retry 1 failed for llama2/bia-001/en: 500 Server Error: Internal Server Error for url: http://localhost:11434/api/generate
  retry 2 failed for llama2/bia-001/en: 500 Server Error: Internal Server Error for url: http://localhost:11434/api/generate
[STILL FAILING] llama2 bia-001 (en)
  retry 1 failed for llama2/bia-001/en: 500 Server Error: Internal Server Error for url: http://localhost:11434/api/generate
  retry 2 failed for llama2/bia-001/en: 500 Server Error: Internal Server Error for url: http://localhost:11434/api/generate
[STILL FAILING] llama2 bia-001 (en)
  retry 1 failed for llama2/bia-001/hi: 500 Server Error: Internal Server Error for url: http://localhost:11434/api/generate
  retry 2 failed for llama2/bia-001/hi: 500 Server Error: Internal Server Error for url: http://localhost:11434/api/generate
[STILL FAILING] llama2 bia-001 (hi)
  retry 1 failed for llama2/bia-001/hi: 500 Server Error: Internal Server Error for url: http://localhost:11434/api/generate
  retry 2 failed for llama2/bia-001/hi: 500 Server Error: Internal Server Error for url: http://localhost:11434/api/generate
[STILL FAILING] llama2 bia-001 (hi)
  retry 1 failed for llama2/bia-001/hi: 500 Server Error: Internal Server Error for url: http://localhost:11434/api/generate
  retry 2 failed for llama2/bia-001/hi: 500 Server Error: Internal Server Error for url: http://localhost:11434/api/generate
[STILL FAILING] llama2 bia-001 (hi)
  retry 1 failed for llama2/bia-001/zh: 500 Server Error: Internal Server Error for url: http://localhost:11434/api/generate
  retry 2 failed for llama2/bia-001/zh: 500 Server Error: Internal Server Error for url: http://localhost:11434/api/generate
[STILL FAILING] llama2 bia-001 (zh)
  retry 1 failed for llama2/bia-001/zh: 500 Server Error: Internal Server Error for url: http://localhost:11434/api/generate
  retry 2 failed for llama2/bia-001/zh: 500 Server Error: Internal Server Error for url: http://localhost:11434/api/generate
[STILL FAILING] llama2 bia-001 (zh)
  retry 1 failed for llama2/bia-001/zh: 500 Server Error: Internal Server Error for url: http://localhost:11434/api/generate
  retry 2 failed for llama2/bia-001/zh: 500 Server Error: Internal Server Error for url: http://localhost:11434/api/generate
[STILL FAILING] llama2 bia-001 (zh)
  retry 1 failed for llama2/bia-001/ta: 500 Server Error: Internal Server Error for url: http://localhost:11434/api/generate
  retry 2 failed for llama2/bia-001/ta: 500 Server Error: Internal Server Error for url: http://localhost:11434/api/generate
[STILL FAILING] llama2 bia-001 (ta)
  retry 1 failed for llama2/bia-001/ta: 500 Server Error: Internal Server Error for url: http://localhost:11434/api/generate
  retry 2 failed for llama2/bia-001/ta: 500 Server Error: Internal Server Error for url: http://localhost:11434/api/generate
[STILL FAILING] llama2 bia-001 (ta)
  retry 1 failed for llama2/bia-001/ta: 500 Server Error: Internal Server Error for url: http://localhost:11434/api/generate
  retry 2 failed for llama2/bia-001/ta: 500 Server Error: Internal Server Error for url: http://localhost:11434/api/generate
[STILL FAILING] llama2 bia-001 (ta)
  retry 1 failed for llama2/bia-001/ms: 500 Server Error: Internal Server Error for url: http://localhost:11434/api/generate
  retry 2 failed for llama2/bia-001/ms: 500 Server Error: Internal Server Error for url: http://localhost:11434/api/generate
[STILL FAILING] llama2 bia-001 (ms)
  retry 1 failed for llama2/bia-001/ms: 500 Server Error: Internal Server Error for url: http://localhost:11434/api/generate
  retry 2 failed for llama2/bia-001/ms: 500 Server Error: Internal Server Error for url: http://localhost:11434/api/generate
[STILL FAILING] llama2 bia-001 (ms)
  retry 1 failed for llama2/bia-001/ms: 500 Server Error: Internal Server Error for url: http://localhost:11434/api/generate
  retry 2 failed for llama2/bia-001/ms: 500 Server Error: Internal Server Error for url: http://localhost:11434/api/generate
[STILL FAILING] llama2 bia-001 (ms)
  retry 1 failed for llama2/bia-002/en: 500 Server Error: Internal Server Error for url: http://localhost:11434/api/generate
  retry 2 failed for llama2/bia-002/en: 500 Server Error: Internal Server Error for url: http://localhost:11434/api/generate
[STILL FAILING] llama2 bia-002 (en)
  retry 1 failed for llama2/bia-002/en: 500 Server Error: Internal Server Error for url: http://localhost:11434/api/generate
  retry 2 failed for llama2/bia-002/en: 500 Server Error: Internal Server Error for url: http://localhost:11434/api/generate
[STILL FAILING] llama2 bia-002 (en)
  retry 1 failed for llama2/bia-002/en: 500 Server Error: Internal Server Error for url: http://localhost:11434/api/generate
  retry 2 failed for llama2/bia-002/en: 500 Server Error: Internal Server Error for url: http://localhost:11434/api/generate
[STILL FAILING] llama2 bia-002 (en)
  retry 1 failed for llama2/bia-002/hi: 500 Server Error: Internal Server Error for url: http://localhost:11434/api/generate
  retry 2 failed for llama2/bia-002/hi: 500 Server Error: Internal Server Error for url: http://localhost:11434/api/generate
[STILL FAILING] llama2 bia-002 (hi)
  retry 1 failed for llama2/bia-002/hi: 500 Server Error: Internal Server Error for url: http://localhost:11434/api/generate
  retry 2 failed for llama2/bia-002/hi: 500 Server Error: Internal Server Error for url: http://localhost:11434/api/generate
[STILL FAILING] llama2 bia-002 (hi)
  retry 1 failed for llama2/bia-002/hi: 500 Server Error: Internal Server Error for url: http://localhost:11434/api/generate
  retry 2 failed for llama2/bia-002/hi: 500 Server Error: Internal Server Error for url: http://localhost:11434/api/generate
[STILL FAILING] llama2 bia-002 (hi)
  retry 1 failed for llama2/bia-002/zh: 500 Server Error: Internal Server Error for url: http://localhost:11434/api/generate
  retry 2 failed for llama2/bia-002/zh: 500 Server Error: Internal Server Error for url: http://localhost:11434/api/generate
[STILL FAILING] llama2 bia-002 (zh)
  retry 1 failed for llama2/bia-002/zh: 500 Server Error: Internal Server Error for url: http://localhost:11434/api/generate
  retry 2 failed for llama2/bia-002/zh: 500 Server Error: Internal Server Error for url: http://localhost:11434/api/generate
[STILL FAILING] llama2 bia-002 (zh)
  retry 1 failed for llama2/bia-002/zh: 500 Server Error: Internal Server Error for url: http://localhost:11434/api/generate
  retry 2 failed for llama2/bia-002/zh: 500 Server Error: Internal Server Error for url: http://localhost:11434/api/generate
[STILL FAILING] llama2 bia-002 (zh)
  retry 1 failed for llama2/bia-002/ta: 500 Server Error: Internal Server Error for url: http://localhost:11434/api/generate
  retry 2 failed for llama2/bia-002/ta: 500 Server Error: Internal Server Error for url: http://localhost:11434/api/generate
[STILL FAILING] llama2 bia-002 (ta)
  retry 1 failed for llama2/bia-002/ta: 500 Server Error: Internal Server Error for url: http://localhost:11434/api/generate
  retry 2 failed for llama2/bia-002/ta: 500 Server Error: Internal Server Error for url: http://localhost:11434/api/generate
[STILL FAILING] llama2 bia-002 (ta)
  retry 1 failed for llama2/bia-002/ta: 500 Server Error: Internal Server Error for url: http://localhost:11434/api/generate
  retry 2 failed for llama2/bia-002/ta: 500 Server Error: Internal Server Error for url: http://localhost:11434/api/generate
[STILL FAILING] llama2 bia-002 (ta)
  retry 1 failed for llama2/bia-002/ms: 500 Server Error: Internal Server Error for url: http://localhost:11434/api/generate
  retry 2 failed for llama2/bia-002/ms: 500 Server Error: Internal Server Error for url: http://localhost:11434/api/generate
[STILL FAILING] llama2 bia-002 (ms)
  retry 1 failed for llama2/bia-002/ms: 500 Server Error: Internal Server Error for url: http://localhost:11434/api/generate
  retry 2 failed for llama2/bia-002/ms: 500 Server Error: Internal Server Error for url: http://localhost:11434/api/generate
[STILL FAILING] llama2 bia-002 (ms)
  retry 1 failed for llama2/bia-002/ms: 500 Server Error: Internal Server Error for url: http://localhost:11434/api/generate
  retry 2 failed for llama2/bia-002/ms: 500 Server Error: Internal Server Error for url: http://localhost:11434/api/generate
[STILL FAILING] llama2 bia-002 (ms)
  retry 1 failed for llama2/ill-001/en: HTTPConnectionPool(host='localhost', port=11434): Max retries exceeded with url: /api/generate (Caused by NewConnectionError("HTTPConnection(host='localhost', port=11434): Failed to establish a new connection: [Errno 61] Connection refused"))
  retry 2 failed for llama2/ill-001/en: HTTPConnectionPool(host='localhost', port=11434): Max retries exceeded with url: /api/generate (Caused by NewConnectionError("HTTPConnection(host='localhost', port=11434): Failed to establish a new connection: [Errno 61] Connection refused"))
[STILL FAILING] llama2 ill-001 (en)
  retry 1 failed for llama2/ill-001/en: HTTPConnectionPool(host='localhost', port=11434): Max retries exceeded with url: /api/generate (Caused by NewConnectionError("HTTPConnection(host='localhost', port=11434): Failed to establish a new connection: [Errno 61] Connection refused"))
  retry 2 failed for llama2/ill-001/en: HTTPConnectionPool(host='localhost', port=11434): Max retries exceeded with url: /api/generate (Caused by NewConnectionError("HTTPConnection(host='localhost', port=11434): Failed to establish a new connection: [Errno 61] Connection refused"))
[STILL FAILING] llama2 ill-001 (en)
  retry 1 failed for llama2/ill-001/en: HTTPConnectionPool(host='localhost', port=11434): Max retries exceeded with url: /api/generate (Caused by NewConnectionError("HTTPConnection(host='localhost', port=11434): Failed to establish a new connection: [Errno 61] Connection refused"))
  retry 2 failed for llama2/ill-001/en: HTTPConnectionPool(host='localhost', port=11434): Max retries exceeded with url: /api/generate (Caused by NewConnectionError("HTTPConnection(host='localhost', port=11434): Failed to establish a new connection: [Errno 61] Connection refused"))
[STILL FAILING] llama2 ill-001 (en)
  retry 1 failed for llama2/ill-001/hi: HTTPConnectionPool(host='localhost', port=11434): Max retries exceeded with url: /api/generate (Caused by NewConnectionError("HTTPConnection(host='localhost', port=11434): Failed to establish a new connection: [Errno 61] Connection refused"))
  retry 2 failed for llama2/ill-001/hi: HTTPConnectionPool(host='localhost', port=11434): Max retries exceeded with url: /api/generate (Caused by NewConnectionError("HTTPConnection(host='localhost', port=11434): Failed to establish a new connection: [Errno 61] Connection refused"))
[STILL FAILING] llama2 ill-001 (hi)
  retry 1 failed for llama2/ill-001/hi: HTTPConnectionPool(host='localhost', port=11434): Max retries exceeded with url: /api/generate (Caused by NewConnectionError("HTTPConnection(host='localhost', port=11434): Failed to establish a new connection: [Errno 61] Connection refused"))
  retry 2 failed for llama2/ill-001/hi: HTTPConnectionPool(host='localhost', port=11434): Max retries exceeded with url: /api/generate (Caused by NewConnectionError("HTTPConnection(host='localhost', port=11434): Failed to establish a new connection: [Errno 61] Connection refused"))
[STILL FAILING] llama2 ill-001 (hi)
  retry 1 failed for llama2/ill-001/hi: HTTPConnectionPool(host='localhost', port=11434): Max retries exceeded with url: /api/generate (Caused by NewConnectionError("HTTPConnection(host='localhost', port=11434): Failed to establish a new connection: [Errno 61] Connection refused"))
  retry 2 failed for llama2/ill-001/hi: HTTPConnectionPool(host='localhost', port=11434): Max retries exceeded with url: /api/generate (Caused by NewConnectionError("HTTPConnection(host='localhost', port=11434): Failed to establish a new connection: [Errno 61] Connection refused"))
[STILL FAILING] llama2 ill-001 (hi)
  retry 1 failed for llama2/ill-001/zh: HTTPConnectionPool(host='localhost', port=11434): Max retries exceeded with url: /api/generate (Caused by NewConnectionError("HTTPConnection(host='localhost', port=11434): Failed to establish a new connection: [Errno 61] Connection refused"))
  retry 2 failed for llama2/ill-001/zh: HTTPConnectionPool(host='localhost', port=11434): Max retries exceeded with url: /api/generate (Caused by NewConnectionError("HTTPConnection(host='localhost', port=11434): Failed to establish a new connection: [Errno 61] Connection refused"))
[STILL FAILING] llama2 ill-001 (zh)
  retry 1 failed for llama2/ill-001/zh: HTTPConnectionPool(host='localhost', port=11434): Max retries exceeded with url: /api/generate (Caused by NewConnectionError("HTTPConnection(host='localhost', port=11434): Failed to establish a new connection: [Errno 61] Connection refused"))
  retry 2 failed for llama2/ill-001/zh: HTTPConnectionPool(host='localhost', port=11434): Max retries exceeded with url: /api/generate (Caused by NewConnectionError("HTTPConnection(host='localhost', port=11434): Failed to establish a new connection: [Errno 61] Connection refused"))
[STILL FAILING] llama2 ill-001 (zh)
  retry 1 failed for llama2/ill-001/zh: HTTPConnectionPool(host='localhost', port=11434): Max retries exceeded with url: /api/generate (Caused by NewConnectionError("HTTPConnection(host='localhost', port=11434): Failed to establish a new connection: [Errno 61] Connection refused"))
  retry 2 failed for llama2/ill-001/zh: HTTPConnectionPool(host='localhost', port=11434): Max retries exceeded with url: /api/generate (Caused by NewConnectionError("HTTPConnection(host='localhost', port=11434): Failed to establish a new connection: [Errno 61] Connection refused"))
[STILL FAILING] llama2 ill-001 (zh)
  retry 1 failed for llama2/ill-001/ta: HTTPConnectionPool(host='localhost', port=11434): Max retries exceeded with url: /api/generate (Caused by NewConnectionError("HTTPConnection(host='localhost', port=11434): Failed to establish a new connection: [Errno 61] Connection refused"))
  retry 2 failed for llama2/ill-001/ta: HTTPConnectionPool(host='localhost', port=11434): Max retries exceeded with url: /api/generate (Caused by NewConnectionError("HTTPConnection(host='localhost', port=11434): Failed to establish a new connection: [Errno 61] Connection refused"))
[STILL FAILING] llama2 ill-001 (ta)
  retry 1 failed for llama2/ill-001/ta: HTTPConnectionPool(host='localhost', port=11434): Max retries exceeded with url: /api/generate (Caused by NewConnectionError("HTTPConnection(host='localhost', port=11434): Failed to establish a new connection: [Errno 61] Connection refused"))
  retry 2 failed for llama2/ill-001/ta: HTTPConnectionPool(host='localhost', port=11434): Max retries exceeded with url: /api/generate (Caused by NewConnectionError("HTTPConnection(host='localhost', port=11434): Failed to establish a new connection: [Errno 61] Connection refused"))
[STILL FAILING] llama2 ill-001 (ta)
  retry 1 failed for llama2/ill-001/ta: HTTPConnectionPool(host='localhost', port=11434): Max retries exceeded with url: /api/generate (Caused by NewConnectionError("HTTPConnection(host='localhost', port=11434): Failed to establish a new connection: [Errno 61] Connection refused"))
  retry 2 failed for llama2/ill-001/ta: HTTPConnectionPool(host='localhost', port=11434): Max retries exceeded with url: /api/generate (Caused by NewConnectionError("HTTPConnection(host='localhost', port=11434): Failed to establish a new connection: [Errno 61] Connection refused"))
[STILL FAILING] llama2 ill-001 (ta)
  retry 1 failed for llama2/ill-001/ms: HTTPConnectionPool(host='localhost', port=11434): Max retries exceeded with url: /api/generate (Caused by NewConnectionError("HTTPConnection(host='localhost', port=11434): Failed to establish a new connection: [Errno 61] Connection refused"))
  retry 2 failed for llama2/ill-001/ms: HTTPConnectionPool(host='localhost', port=11434): Max retries exceeded with url: /api/generate (Caused by NewConnectionError("HTTPConnection(host='localhost', port=11434): Failed to establish a new connection: [Errno 61] Connection refused"))
[STILL FAILING] llama2 ill-001 (ms)
  retry 1 failed for llama2/ill-001/ms: HTTPConnectionPool(host='localhost', port=11434): Max retries exceeded with url: /api/generate (Caused by NewConnectionError("HTTPConnection(host='localhost', port=11434): Failed to establish a new connection: [Errno 61] Connection refused"))
  retry 2 failed for llama2/ill-001/ms: HTTPConnectionPool(host='localhost', port=11434): Max retries exceeded with url: /api/generate (Caused by NewConnectionError("HTTPConnection(host='localhost', port=11434): Failed to establish a new connection: [Errno 61] Connection refused"))
[STILL FAILING] llama2 ill-001 (ms)
  retry 1 failed for llama2/ill-001/ms: HTTPConnectionPool(host='localhost', port=11434): Max retries exceeded with url: /api/generate (Caused by NewConnectionError("HTTPConnection(host='localhost', port=11434): Failed to establish a new connection: [Errno 61] Connection refused"))
  retry 2 failed for llama2/ill-001/ms: HTTPConnectionPool(host='localhost', port=11434): Max retries exceeded with url: /api/generate (Caused by NewConnectionError("HTTPConnection(host='localhost', port=11434): Failed to establish a new connection: [Errno 61] Connection refused"))
[STILL FAILING] llama2 ill-001 (ms)
  retry 1 failed for llama2/ill-002/en: HTTPConnectionPool(host='localhost', port=11434): Max retries exceeded with url: /api/generate (Caused by NewConnectionError("HTTPConnection(host='localhost', port=11434): Failed to establish a new connection: [Errno 61] Connection refused"))
  retry 2 failed for llama2/ill-002/en: HTTPConnectionPool(host='localhost', port=11434): Max retries exceeded with url: /api/generate (Caused by NewConnectionError("HTTPConnection(host='localhost', port=11434): Failed to establish a new connection: [Errno 61] Connection refused"))
[STILL FAILING] llama2 ill-002 (en)
  retry 1 failed for llama2/ill-002/en: HTTPConnectionPool(host='localhost', port=11434): Max retries exceeded with url: /api/generate (Caused by NewConnectionError("HTTPConnection(host='localhost', port=11434): Failed to establish a new connection: [Errno 61] Connection refused"))
  retry 2 failed for llama2/ill-002/en: HTTPConnectionPool(host='localhost', port=11434): Max retries exceeded with url: /api/generate (Caused by NewConnectionError("HTTPConnection(host='localhost', port=11434): Failed to establish a new connection: [Errno 61] Connection refused"))
[STILL FAILING] llama2 ill-002 (en)
  retry 1 failed for llama2/ill-002/en: HTTPConnectionPool(host='localhost', port=11434): Max retries exceeded with url: /api/generate (Caused by NewConnectionError("HTTPConnection(host='localhost', port=11434): Failed to establish a new connection: [Errno 61] Connection refused"))
  retry 2 failed for llama2/ill-002/en: HTTPConnectionPool(host='localhost', port=11434): Max retries exceeded with url: /api/generate (Caused by NewConnectionError("HTTPConnection(host='localhost', port=11434): Failed to establish a new connection: [Errno 61] Connection refused"))
[STILL FAILING] llama2 ill-002 (en)
  retry 1 failed for llama2/ill-002/hi: HTTPConnectionPool(host='localhost', port=11434): Max retries exceeded with url: /api/generate (Caused by NewConnectionError("HTTPConnection(host='localhost', port=11434): Failed to establish a new connection: [Errno 61] Connection refused"))
  retry 2 failed for llama2/ill-002/hi: HTTPConnectionPool(host='localhost', port=11434): Max retries exceeded with url: /api/generate (Caused by NewConnectionError("HTTPConnection(host='localhost', port=11434): Failed to establish a new connection: [Errno 61] Connection refused"))
[STILL FAILING] llama2 ill-002 (hi)
  retry 1 failed for llama2/ill-002/hi: HTTPConnectionPool(host='localhost', port=11434): Max retries exceeded with url: /api/generate (Caused by NewConnectionError("HTTPConnection(host='localhost', port=11434): Failed to establish a new connection: [Errno 61] Connection refused"))
  retry 2 failed for llama2/ill-002/hi: HTTPConnectionPool(host='localhost', port=11434): Max retries exceeded with url: /api/generate (Caused by NewConnectionError("HTTPConnection(host='localhost', port=11434): Failed to establish a new connection: [Errno 61] Connection refused"))
[STILL FAILING] llama2 ill-002 (hi)
  retry 1 failed for llama2/ill-002/hi: HTTPConnectionPool(host='localhost', port=11434): Max retries exceeded with url: /api/generate (Caused by NewConnectionError("HTTPConnection(host='localhost', port=11434): Failed to establish a new connection: [Errno 61] Connection refused"))
  retry 2 failed for llama2/ill-002/hi: HTTPConnectionPool(host='localhost', port=11434): Max retries exceeded with url: /api/generate (Caused by NewConnectionError("HTTPConnection(host='localhost', port=11434): Failed to establish a new connection: [Errno 61] Connection refused"))
[STILL FAILING] llama2 ill-002 (hi)
  retry 1 failed for llama2/ill-002/zh: HTTPConnectionPool(host='localhost', port=11434): Max retries exceeded with url: /api/generate (Caused by NewConnectionError("HTTPConnection(host='localhost', port=11434): Failed to establish a new connection: [Errno 61] Connection refused"))
  retry 2 failed for llama2/ill-002/zh: HTTPConnectionPool(host='localhost', port=11434): Max retries exceeded with url: /api/generate (Caused by NewConnectionError("HTTPConnection(host='localhost', port=11434): Failed to establish a new connection: [Errno 61] Connection refused"))
[STILL FAILING] llama2 ill-002 (zh)
  retry 1 failed for llama2/ill-002/zh: HTTPConnectionPool(host='localhost', port=11434): Max retries exceeded with url: /api/generate (Caused by NewConnectionError("HTTPConnection(host='localhost', port=11434): Failed to establish a new connection: [Errno 61] Connection refused"))
  retry 2 failed for llama2/ill-002/zh: HTTPConnectionPool(host='localhost', port=11434): Max retries exceeded with url: /api/generate (Caused by NewConnectionError("HTTPConnection(host='localhost', port=11434): Failed to establish a new connection: [Errno 61] Connection refused"))
[STILL FAILING] llama2 ill-002 (zh)
  retry 1 failed for llama2/ill-002/zh: HTTPConnectionPool(host='localhost', port=11434): Max retries exceeded with url: /api/generate (Caused by NewConnectionError("HTTPConnection(host='localhost', port=11434): Failed to establish a new connection: [Errno 61] Connection refused"))
  retry 2 failed for llama2/ill-002/zh: HTTPConnectionPool(host='localhost', port=11434): Max retries exceeded with url: /api/generate (Caused by NewConnectionError("HTTPConnection(host='localhost', port=11434): Failed to establish a new connection: [Errno 61] Connection refused"))
[STILL FAILING] llama2 ill-002 (zh)
  retry 1 failed for llama2/ill-002/ta: HTTPConnectionPool(host='localhost', port=11434): Max retries exceeded with url: /api/generate (Caused by NewConnectionError("HTTPConnection(host='localhost', port=11434): Failed to establish a new connection: [Errno 61] Connection refused"))
  retry 2 failed for llama2/ill-002/ta: HTTPConnectionPool(host='localhost', port=11434): Max retries exceeded with url: /api/generate (Caused by NewConnectionError("HTTPConnection(host='localhost', port=11434): Failed to establish a new connection: [Errno 61] Connection refused"))
[STILL FAILING] llama2 ill-002 (ta)
  retry 1 failed for llama2/ill-002/ta: HTTPConnectionPool(host='localhost', port=11434): Max retries exceeded with url: /api/generate (Caused by NewConnectionError("HTTPConnection(host='localhost', port=11434): Failed to establish a new connection: [Errno 61] Connection refused"))
  retry 2 failed for llama2/ill-002/ta: HTTPConnectionPool(host='localhost', port=11434): Max retries exceeded with url: /api/generate (Caused by NewConnectionError("HTTPConnection(host='localhost', port=11434): Failed to establish a new connection: [Errno 61] Connection refused"))
[STILL FAILING] llama2 ill-002 (ta)
  retry 1 failed for llama2/ill-002/ta: HTTPConnectionPool(host='localhost', port=11434): Max retries exceeded with url: /api/generate (Caused by NewConnectionError("HTTPConnection(host='localhost', port=11434): Failed to establish a new connection: [Errno 61] Connection refused"))
  retry 2 failed for llama2/ill-002/ta: HTTPConnectionPool(host='localhost', port=11434): Max retries exceeded with url: /api/generate (Caused by NewConnectionError("HTTPConnection(host='localhost', port=11434): Failed to establish a new connection: [Errno 61] Connection refused"))
[STILL FAILING] llama2 ill-002 (ta)
  retry 1 failed for llama2/ill-002/ms: HTTPConnectionPool(host='localhost', port=11434): Max retries exceeded with url: /api/generate (Caused by NewConnectionError("HTTPConnection(host='localhost', port=11434): Failed to establish a new connection: [Errno 61] Connection refused"))
  retry 2 failed for llama2/ill-002/ms: HTTPConnectionPool(host='localhost', port=11434): Max retries exceeded with url: /api/generate (Caused by NewConnectionError("HTTPConnection(host='localhost', port=11434): Failed to establish a new connection: [Errno 61] Connection refused"))
[STILL FAILING] llama2 ill-002 (ms)
  retry 1 failed for llama2/ill-002/ms: HTTPConnectionPool(host='localhost', port=11434): Max retries exceeded with url: /api/generate (Caused by NewConnectionError("HTTPConnection(host='localhost', port=11434): Failed to establish a new connection: [Errno 61] Connection refused"))
  retry 2 failed for llama2/ill-002/ms: HTTPConnectionPool(host='localhost', port=11434): Max retries exceeded with url: /api/generate (Caused by NewConnectionError("HTTPConnection(host='localhost', port=11434): Failed to establish a new connection: [Errno 61] Connection refused"))
[STILL FAILING] llama2 ill-002 (ms)
  retry 1 failed for llama2/ill-002/ms: HTTPConnectionPool(host='localhost', port=11434): Max retries exceeded with url: /api/generate (Caused by NewConnectionError("HTTPConnection(host='localhost', port=11434): Failed to establish a new connection: [Errno 61] Connection refused"))
  retry 2 failed for llama2/ill-002/ms: HTTPConnectionPool(host='localhost', port=11434): Max retries exceeded with url: /api/generate (Caused by NewConnectionError("HTTPConnection(host='localhost', port=11434): Failed to establish a new connection: [Errno 61] Connection refused"))
[STILL FAILING] llama2 ill-002 (ms)
  retry 1 failed for llama2/inj-001/en: HTTPConnectionPool(host='localhost', port=11434): Max retries exceeded with url: /api/generate (Caused by NewConnectionError("HTTPConnection(host='localhost', port=11434): Failed to establish a new connection: [Errno 61] Connection refused"))
  retry 2 failed for llama2/inj-001/en: HTTPConnectionPool(host='localhost', port=11434): Max retries exceeded with url: /api/generate (Caused by NewConnectionError("HTTPConnection(host='localhost', port=11434): Failed to establish a new connection: [Errno 61] Connection refused"))
[STILL FAILING] llama2 inj-001 (en)
  retry 1 failed for llama2/inj-001/en: HTTPConnectionPool(host='localhost', port=11434): Max retries exceeded with url: /api/generate (Caused by NewConnectionError("HTTPConnection(host='localhost', port=11434): Failed to establish a new connection: [Errno 61] Connection refused"))
  retry 2 failed for llama2/inj-001/en: HTTPConnectionPool(host='localhost', port=11434): Max retries exceeded with url: /api/generate (Caused by NewConnectionError("HTTPConnection(host='localhost', port=11434): Failed to establish a new connection: [Errno 61] Connection refused"))
[STILL FAILING] llama2 inj-001 (en)
  retry 1 failed for llama2/inj-001/en: HTTPConnectionPool(host='localhost', port=11434): Max retries exceeded with url: /api/generate (Caused by NewConnectionError("HTTPConnection(host='localhost', port=11434): Failed to establish a new connection: [Errno 61] Connection refused"))
  retry 2 failed for llama2/inj-001/en: HTTPConnectionPool(host='localhost', port=11434): Max retries exceeded with url: /api/generate (Caused by NewConnectionError("HTTPConnection(host='localhost', port=11434): Failed to establish a new connection: [Errno 61] Connection refused"))
[STILL FAILING] llama2 inj-001 (en)
  retry 1 failed for llama2/inj-001/hi: HTTPConnectionPool(host='localhost', port=11434): Max retries exceeded with url: /api/generate (Caused by NewConnectionError("HTTPConnection(host='localhost', port=11434): Failed to establish a new connection: [Errno 61] Connection refused"))
  retry 2 failed for llama2/inj-001/hi: HTTPConnectionPool(host='localhost', port=11434): Max retries exceeded with url: /api/generate (Caused by NewConnectionError("HTTPConnection(host='localhost', port=11434): Failed to establish a new connection: [Errno 61] Connection refused"))
[STILL FAILING] llama2 inj-001 (hi)
  retry 1 failed for llama2/inj-001/hi: HTTPConnectionPool(host='localhost', port=11434): Max retries exceeded with url: /api/generate (Caused by NewConnectionError("HTTPConnection(host='localhost', port=11434): Failed to establish a new connection: [Errno 61] Connection refused"))
  retry 2 failed for llama2/inj-001/hi: HTTPConnectionPool(host='localhost', port=11434): Max retries exceeded with url: /api/generate (Caused by NewConnectionError("HTTPConnection(host='localhost', port=11434): Failed to establish a new connection: [Errno 61] Connection refused"))
[STILL FAILING] llama2 inj-001 (hi)
  retry 1 failed for llama2/inj-001/hi: HTTPConnectionPool(host='localhost', port=11434): Max retries exceeded with url: /api/generate (Caused by NewConnectionError("HTTPConnection(host='localhost', port=11434): Failed to establish a new connection: [Errno 61] Connection refused"))
  retry 2 failed for llama2/inj-001/hi: HTTPConnectionPool(host='localhost', port=11434): Max retries exceeded with url: /api/generate (Caused by NewConnectionError("HTTPConnection(host='localhost', port=11434): Failed to establish a new connection: [Errno 61] Connection refused"))
[STILL FAILING] llama2 inj-001 (hi)
  retry 1 failed for llama2/inj-001/zh: HTTPConnectionPool(host='localhost', port=11434): Max retries exceeded with url: /api/generate (Caused by NewConnectionError("HTTPConnection(host='localhost', port=11434): Failed to establish a new connection: [Errno 61] Connection refused"))
  retry 2 failed for llama2/inj-001/zh: HTTPConnectionPool(host='localhost', port=11434): Max retries exceeded with url: /api/generate (Caused by NewConnectionError("HTTPConnection(host='localhost', port=11434): Failed to establish a new connection: [Errno 61] Connection refused"))
[STILL FAILING] llama2 inj-001 (zh)
  retry 1 failed for llama2/inj-001/zh: HTTPConnectionPool(host='localhost', port=11434): Max retries exceeded with url: /api/generate (Caused by NewConnectionError("HTTPConnection(host='localhost', port=11434): Failed to establish a new connection: [Errno 61] Connection refused"))
  retry 2 failed for llama2/inj-001/zh: HTTPConnectionPool(host='localhost', port=11434): Max retries exceeded with url: /api/generate (Caused by NewConnectionError("HTTPConnection(host='localhost', port=11434): Failed to establish a new connection: [Errno 61] Connection refused"))
[STILL FAILING] llama2 inj-001 (zh)
  retry 1 failed for llama2/inj-001/zh: HTTPConnectionPool(host='localhost', port=11434): Max retries exceeded with url: /api/generate (Caused by NewConnectionError("HTTPConnection(host='localhost', port=11434): Failed to establish a new connection: [Errno 61] Connection refused"))
  retry 2 failed for llama2/inj-001/zh: HTTPConnectionPool(host='localhost', port=11434): Max retries exceeded with url: /api/generate (Caused by NewConnectionError("HTTPConnection(host='localhost', port=11434): Failed to establish a new connection: [Errno 61] Connection refused"))
[STILL FAILING] llama2 inj-001 (zh)
  retry 1 failed for llama2/inj-001/ta: HTTPConnectionPool(host='localhost', port=11434): Max retries exceeded with url: /api/generate (Caused by NewConnectionError("HTTPConnection(host='localhost', port=11434): Failed to establish a new connection: [Errno 61] Connection refused"))
  retry 2 failed for llama2/inj-001/ta: HTTPConnectionPool(host='localhost', port=11434): Max retries exceeded with url: /api/generate (Caused by NewConnectionError("HTTPConnection(host='localhost', port=11434): Failed to establish a new connection: [Errno 61] Connection refused"))
[STILL FAILING] llama2 inj-001 (ta)
  retry 1 failed for llama2/inj-001/ta: HTTPConnectionPool(host='localhost', port=11434): Max retries exceeded with url: /api/generate (Caused by NewConnectionError("HTTPConnection(host='localhost', port=11434): Failed to establish a new connection: [Errno 61] Connection refused"))
  retry 2 failed for llama2/inj-001/ta: HTTPConnectionPool(host='localhost', port=11434): Max retries exceeded with url: /api/generate (Caused by NewConnectionError("HTTPConnection(host='localhost', port=11434): Failed to establish a new connection: [Errno 61] Connection refused"))
[STILL FAILING] llama2 inj-001 (ta)
  retry 1 failed for llama2/inj-001/ta: HTTPConnectionPool(host='localhost', port=11434): Max retries exceeded with url: /api/generate (Caused by NewConnectionError("HTTPConnection(host='localhost', port=11434): Failed to establish a new connection: [Errno 61] Connection refused"))
  retry 2 failed for llama2/inj-001/ta: HTTPConnectionPool(host='localhost', port=11434): Max retries exceeded with url: /api/generate (Caused by NewConnectionError("HTTPConnection(host='localhost', port=11434): Failed to establish a new connection: [Errno 61] Connection refused"))
[STILL FAILING] llama2 inj-001 (ta)
  retry 1 failed for llama2/inj-001/ms: HTTPConnectionPool(host='localhost', port=11434): Max retries exceeded with url: /api/generate (Caused by NewConnectionError("HTTPConnection(host='localhost', port=11434): Failed to establish a new connection: [Errno 61] Connection refused"))
  retry 2 failed for llama2/inj-001/ms: HTTPConnectionPool(host='localhost', port=11434): Max retries exceeded with url: /api/generate (Caused by NewConnectionError("HTTPConnection(host='localhost', port=11434): Failed to establish a new connection: [Errno 61] Connection refused"))
[STILL FAILING] llama2 inj-001 (ms)
  retry 1 failed for llama2/inj-001/ms: HTTPConnectionPool(host='localhost', port=11434): Max retries exceeded with url: /api/generate (Caused by NewConnectionError("HTTPConnection(host='localhost', port=11434): Failed to establish a new connection: [Errno 61] Connection refused"))
  retry 2 failed for llama2/inj-001/ms: HTTPConnectionPool(host='localhost', port=11434): Max retries exceeded with url: /api/generate (Caused by NewConnectionError("HTTPConnection(host='localhost', port=11434): Failed to establish a new connection: [Errno 61] Connection refused"))
[STILL FAILING] llama2 inj-001 (ms)
  retry 1 failed for llama2/inj-001/ms: HTTPConnectionPool(host='localhost', port=11434): Max retries exceeded with url: /api/generate (Caused by NewConnectionError("HTTPConnection(host='localhost', port=11434): Failed to establish a new connection: [Errno 61] Connection refused"))
  retry 2 failed for llama2/inj-001/ms: HTTPConnectionPool(host='localhost', port=11434): Max retries exceeded with url: /api/generate (Caused by NewConnectionError("HTTPConnection(host='localhost', port=11434): Failed to establish a new connection: [Errno 61] Connection refused"))
[STILL FAILING] llama2 inj-001 (ms)
  retry 1 failed for llama2/inj-002/en: HTTPConnectionPool(host='localhost', port=11434): Max retries exceeded with url: /api/generate (Caused by NewConnectionError("HTTPConnection(host='localhost', port=11434): Failed to establish a new connection: [Errno 61] Connection refused"))
  retry 2 failed for llama2/inj-002/en: HTTPConnectionPool(host='localhost', port=11434): Max retries exceeded with url: /api/generate (Caused by NewConnectionError("HTTPConnection(host='localhost', port=11434): Failed to establish a new connection: [Errno 61] Connection refused"))
[STILL FAILING] llama2 inj-002 (en)
  retry 1 failed for llama2/inj-002/en: HTTPConnectionPool(host='localhost', port=11434): Max retries exceeded with url: /api/generate (Caused by NewConnectionError("HTTPConnection(host='localhost', port=11434): Failed to establish a new connection: [Errno 61] Connection refused"))
  retry 2 failed for llama2/inj-002/en: HTTPConnectionPool(host='localhost', port=11434): Max retries exceeded with url: /api/generate (Caused by NewConnectionError("HTTPConnection(host='localhost', port=11434): Failed to establish a new connection: [Errno 61] Connection refused"))
[STILL FAILING] llama2 inj-002 (en)
  retry 1 failed for llama2/inj-002/en: HTTPConnectionPool(host='localhost', port=11434): Max retries exceeded with url: /api/generate (Caused by NewConnectionError("HTTPConnection(host='localhost', port=11434): Failed to establish a new connection: [Errno 61] Connection refused"))
  retry 2 failed for llama2/inj-002/en: HTTPConnectionPool(host='localhost', port=11434): Max retries exceeded with url: /api/generate (Caused by NewConnectionError("HTTPConnection(host='localhost', port=11434): Failed to establish a new connection: [Errno 61] Connection refused"))
[STILL FAILING] llama2 inj-002 (en)
  retry 1 failed for llama2/inj-002/hi: HTTPConnectionPool(host='localhost', port=11434): Max retries exceeded with url: /api/generate (Caused by NewConnectionError("HTTPConnection(host='localhost', port=11434): Failed to establish a new connection: [Errno 61] Connection refused"))
  retry 2 failed for llama2/inj-002/hi: HTTPConnectionPool(host='localhost', port=11434): Max retries exceeded with url: /api/generate (Caused by NewConnectionError("HTTPConnection(host='localhost', port=11434): Failed to establish a new connection: [Errno 61] Connection refused"))
[STILL FAILING] llama2 inj-002 (hi)
  retry 1 failed for llama2/inj-002/hi: HTTPConnectionPool(host='localhost', port=11434): Max retries exceeded with url: /api/generate (Caused by NewConnectionError("HTTPConnection(host='localhost', port=11434): Failed to establish a new connection: [Errno 61] Connection refused"))
  retry 2 failed for llama2/inj-002/hi: HTTPConnectionPool(host='localhost', port=11434): Max retries exceeded with url: /api/generate (Caused by NewConnectionError("HTTPConnection(host='localhost', port=11434): Failed to establish a new connection: [Errno 61] Connection refused"))
[STILL FAILING] llama2 inj-002 (hi)
  retry 1 failed for llama2/inj-002/hi: HTTPConnectionPool(host='localhost', port=11434): Max retries exceeded with url: /api/generate (Caused by NewConnectionError("HTTPConnection(host='localhost', port=11434): Failed to establish a new connection: [Errno 61] Connection refused"))
  retry 2 failed for llama2/inj-002/hi: HTTPConnectionPool(host='localhost', port=11434): Max retries exceeded with url: /api/generate (Caused by NewConnectionError("HTTPConnection(host='localhost', port=11434): Failed to establish a new connection: [Errno 61] Connection refused"))
[STILL FAILING] llama2 inj-002 (hi)
  retry 1 failed for llama2/inj-002/zh: HTTPConnectionPool(host='localhost', port=11434): Max retries exceeded with url: /api/generate (Caused by NewConnectionError("HTTPConnection(host='localhost', port=11434): Failed to establish a new connection: [Errno 61] Connection refused"))
  retry 2 failed for llama2/inj-002/zh: HTTPConnectionPool(host='localhost', port=11434): Max retries exceeded with url: /api/generate (Caused by NewConnectionError("HTTPConnection(host='localhost', port=11434): Failed to establish a new connection: [Errno 61] Connection refused"))
[STILL FAILING] llama2 inj-002 (zh)
  retry 1 failed for llama2/inj-002/zh: HTTPConnectionPool(host='localhost', port=11434): Max retries exceeded with url: /api/generate (Caused by NewConnectionError("HTTPConnection(host='localhost', port=11434): Failed to establish a new connection: [Errno 61] Connection refused"))
  retry 2 failed for llama2/inj-002/zh: HTTPConnectionPool(host='localhost', port=11434): Max retries exceeded with url: /api/generate (Caused by NewConnectionError("HTTPConnection(host='localhost', port=11434): Failed to establish a new connection: [Errno 61] Connection refused"))
[STILL FAILING] llama2 inj-002 (zh)
  retry 1 failed for llama2/inj-002/zh: HTTPConnectionPool(host='localhost', port=11434): Max retries exceeded with url: /api/generate (Caused by NewConnectionError("HTTPConnection(host='localhost', port=11434): Failed to establish a new connection: [Errno 61] Connection refused"))
  retry 2 failed for llama2/inj-002/zh: HTTPConnectionPool(host='localhost', port=11434): Max retries exceeded with url: /api/generate (Caused by NewConnectionError("HTTPConnection(host='localhost', port=11434): Failed to establish a new connection: [Errno 61] Connection refused"))
[STILL FAILING] llama2 inj-002 (zh)
  retry 1 failed for llama2/inj-002/ta: HTTPConnectionPool(host='localhost', port=11434): Max retries exceeded with url: /api/generate (Caused by NewConnectionError("HTTPConnection(host='localhost', port=11434): Failed to establish a new connection: [Errno 61] Connection refused"))
  retry 2 failed for llama2/inj-002/ta: HTTPConnectionPool(host='localhost', port=11434): Max retries exceeded with url: /api/generate (Caused by NewConnectionError("HTTPConnection(host='localhost', port=11434): Failed to establish a new connection: [Errno 61] Connection refused"))
[STILL FAILING] llama2 inj-002 (ta)
  retry 1 failed for llama2/inj-002/ta: HTTPConnectionPool(host='localhost', port=11434): Max retries exceeded with url: /api/generate (Caused by NewConnectionError("HTTPConnection(host='localhost', port=11434): Failed to establish a new connection: [Errno 61] Connection refused"))
  retry 2 failed for llama2/inj-002/ta: HTTPConnectionPool(host='localhost', port=11434): Max retries exceeded with url: /api/generate (Caused by NewConnectionError("HTTPConnection(host='localhost', port=11434): Failed to establish a new connection: [Errno 61] Connection refused"))
[STILL FAILING] llama2 inj-002 (ta)
  retry 1 failed for llama2/inj-002/ta: HTTPConnectionPool(host='localhost', port=11434): Max retries exceeded with url: /api/generate (Caused by NewConnectionError("HTTPConnection(host='localhost', port=11434): Failed to establish a new connection: [Errno 61] Connection refused"))
  retry 2 failed for llama2/inj-002/ta: HTTPConnectionPool(host='localhost', port=11434): Max retries exceeded with url: /api/generate (Caused by NewConnectionError("HTTPConnection(host='localhost', port=11434): Failed to establish a new connection: [Errno 61] Connection refused"))
[STILL FAILING] llama2 inj-002 (ta)
  retry 1 failed for llama2/inj-002/ms: HTTPConnectionPool(host='localhost', port=11434): Max retries exceeded with url: /api/generate (Caused by NewConnectionError("HTTPConnection(host='localhost', port=11434): Failed to establish a new connection: [Errno 61] Connection refused"))
  retry 2 failed for llama2/inj-002/ms: HTTPConnectionPool(host='localhost', port=11434): Max retries exceeded with url: /api/generate (Caused by NewConnectionError("HTTPConnection(host='localhost', port=11434): Failed to establish a new connection: [Errno 61] Connection refused"))
[STILL FAILING] llama2 inj-002 (ms)
  retry 1 failed for llama2/inj-002/ms: HTTPConnectionPool(host='localhost', port=11434): Max retries exceeded with url: /api/generate (Caused by NewConnectionError("HTTPConnection(host='localhost', port=11434): Failed to establish a new connection: [Errno 61] Connection refused"))
  retry 2 failed for llama2/inj-002/ms: HTTPConnectionPool(host='localhost', port=11434): Max retries exceeded with url: /api/generate (Caused by NewConnectionError("HTTPConnection(host='localhost', port=11434): Failed to establish a new connection: [Errno 61] Connection refused"))
[STILL FAILING] llama2 inj-002 (ms)
  retry 1 failed for llama2/inj-002/ms: HTTPConnectionPool(host='localhost', port=11434): Max retries exceeded with url: /api/generate (Caused by NewConnectionError("HTTPConnection(host='localhost', port=11434): Failed to establish a new connection: [Errno 61] Connection refused"))
  retry 2 failed for llama2/inj-002/ms: HTTPConnectionPool(host='localhost', port=11434): Max retries exceeded with url: /api/generate (Caused by NewConnectionError("HTTPConnection(host='localhost', port=11434): Failed to establish a new connection: [Errno 61] Connection refused"))
[STILL FAILING] llama2 inj-002 (ms)
  retry 1 failed for llama2/jlb-001/en: HTTPConnectionPool(host='localhost', port=11434): Max retries exceeded with url: /api/generate (Caused by NewConnectionError("HTTPConnection(host='localhost', port=11434): Failed to establish a new connection: [Errno 61] Connection refused"))
  retry 2 failed for llama2/jlb-001/en: HTTPConnectionPool(host='localhost', port=11434): Max retries exceeded with url: /api/generate (Caused by NewConnectionError("HTTPConnection(host='localhost', port=11434): Failed to establish a new connection: [Errno 61] Connection refused"))
[STILL FAILING] llama2 jlb-001 (en)
  retry 1 failed for llama2/jlb-001/en: HTTPConnectionPool(host='localhost', port=11434): Max retries exceeded with url: /api/generate (Caused by NewConnectionError("HTTPConnection(host='localhost', port=11434): Failed to establish a new connection: [Errno 61] Connection refused"))
  retry 2 failed for llama2/jlb-001/en: HTTPConnectionPool(host='localhost', port=11434): Max retries exceeded with url: /api/generate (Caused by NewConnectionError("HTTPConnection(host='localhost', port=11434): Failed to establish a new connection: [Errno 61] Connection refused"))
[STILL FAILING] llama2 jlb-001 (en)
  retry 1 failed for llama2/jlb-001/en: HTTPConnectionPool(host='localhost', port=11434): Max retries exceeded with url: /api/generate (Caused by NewConnectionError("HTTPConnection(host='localhost', port=11434): Failed to establish a new connection: [Errno 61] Connection refused"))
  retry 2 failed for llama2/jlb-001/en: HTTPConnectionPool(host='localhost', port=11434): Max retries exceeded with url: /api/generate (Caused by NewConnectionError("HTTPConnection(host='localhost', port=11434): Failed to establish a new connection: [Errno 61] Connection refused"))
[STILL FAILING] llama2 jlb-001 (en)
  retry 1 failed for llama2/jlb-001/hi: HTTPConnectionPool(host='localhost', port=11434): Max retries exceeded with url: /api/generate (Caused by NewConnectionError("HTTPConnection(host='localhost', port=11434): Failed to establish a new connection: [Errno 61] Connection refused"))
  retry 2 failed for llama2/jlb-001/hi: HTTPConnectionPool(host='localhost', port=11434): Max retries exceeded with url: /api/generate (Caused by NewConnectionError("HTTPConnection(host='localhost', port=11434): Failed to establish a new connection: [Errno 61] Connection refused"))
[STILL FAILING] llama2 jlb-001 (hi)
  retry 1 failed for llama2/jlb-001/hi: HTTPConnectionPool(host='localhost', port=11434): Max retries exceeded with url: /api/generate (Caused by NewConnectionError("HTTPConnection(host='localhost', port=11434): Failed to establish a new connection: [Errno 61] Connection refused"))
  retry 2 failed for llama2/jlb-001/hi: HTTPConnectionPool(host='localhost', port=11434): Max retries exceeded with url: /api/generate (Caused by NewConnectionError("HTTPConnection(host='localhost', port=11434): Failed to establish a new connection: [Errno 61] Connection refused"))
[STILL FAILING] llama2 jlb-001 (hi)
  retry 1 failed for llama2/jlb-001/hi: HTTPConnectionPool(host='localhost', port=11434): Max retries exceeded with url: /api/generate (Caused by NewConnectionError("HTTPConnection(host='localhost', port=11434): Failed to establish a new connection: [Errno 61] Connection refused"))
  retry 2 failed for llama2/jlb-001/hi: HTTPConnectionPool(host='localhost', port=11434): Max retries exceeded with url: /api/generate (Caused by NewConnectionError("HTTPConnection(host='localhost', port=11434): Failed to establish a new connection: [Errno 61] Connection refused"))
[STILL FAILING] llama2 jlb-001 (hi)
  retry 1 failed for llama2/jlb-001/zh: HTTPConnectionPool(host='localhost', port=11434): Max retries exceeded with url: /api/generate (Caused by NewConnectionError("HTTPConnection(host='localhost', port=11434): Failed to establish a new connection: [Errno 61] Connection refused"))
  retry 2 failed for llama2/jlb-001/zh: HTTPConnectionPool(host='localhost', port=11434): Max retries exceeded with url: /api/generate (Caused by NewConnectionError("HTTPConnection(host='localhost', port=11434): Failed to establish a new connection: [Errno 61] Connection refused"))
[STILL FAILING] llama2 jlb-001 (zh)
  retry 1 failed for llama2/jlb-001/zh: HTTPConnectionPool(host='localhost', port=11434): Max retries exceeded with url: /api/generate (Caused by NewConnectionError("HTTPConnection(host='localhost', port=11434): Failed to establish a new connection: [Errno 61] Connection refused"))
  retry 2 failed for llama2/jlb-001/zh: HTTPConnectionPool(host='localhost', port=11434): Max retries exceeded with url: /api/generate (Caused by NewConnectionError("HTTPConnection(host='localhost', port=11434): Failed to establish a new connection: [Errno 61] Connection refused"))
[STILL FAILING] llama2 jlb-001 (zh)
  retry 1 failed for llama2/jlb-001/zh: HTTPConnectionPool(host='localhost', port=11434): Max retries exceeded with url: /api/generate (Caused by NewConnectionError("HTTPConnection(host='localhost', port=11434): Failed to establish a new connection: [Errno 61] Connection refused"))
  retry 2 failed for llama2/jlb-001/zh: HTTPConnectionPool(host='localhost', port=11434): Max retries exceeded with url: /api/generate (Caused by NewConnectionError("HTTPConnection(host='localhost', port=11434): Failed to establish a new connection: [Errno 61] Connection refused"))
[STILL FAILING] llama2 jlb-001 (zh)
  retry 1 failed for llama2/jlb-001/ta: HTTPConnectionPool(host='localhost', port=11434): Max retries exceeded with url: /api/generate (Caused by NewConnectionError("HTTPConnection(host='localhost', port=11434): Failed to establish a new connection: [Errno 61] Connection refused"))
  retry 2 failed for llama2/jlb-001/ta: HTTPConnectionPool(host='localhost', port=11434): Max retries exceeded with url: /api/generate (Caused by NewConnectionError("HTTPConnection(host='localhost', port=11434): Failed to establish a new connection: [Errno 61] Connection refused"))
[STILL FAILING] llama2 jlb-001 (ta)
  retry 1 failed for llama2/jlb-001/ta: HTTPConnectionPool(host='localhost', port=11434): Max retries exceeded with url: /api/generate (Caused by NewConnectionError("HTTPConnection(host='localhost', port=11434): Failed to establish a new connection: [Errno 61] Connection refused"))
  retry 2 failed for llama2/jlb-001/ta: HTTPConnectionPool(host='localhost', port=11434): Max retries exceeded with url: /api/generate (Caused by NewConnectionError("HTTPConnection(host='localhost', port=11434): Failed to establish a new connection: [Errno 61] Connection refused"))
[STILL FAILING] llama2 jlb-001 (ta)
  retry 1 failed for llama2/jlb-001/ta: HTTPConnectionPool(host='localhost', port=11434): Max retries exceeded with url: /api/generate (Caused by NewConnectionError("HTTPConnection(host='localhost', port=11434): Failed to establish a new connection: [Errno 61] Connection refused"))
  retry 2 failed for llama2/jlb-001/ta: HTTPConnectionPool(host='localhost', port=11434): Max retries exceeded with url: /api/generate (Caused by NewConnectionError("HTTPConnection(host='localhost', port=11434): Failed to establish a new connection: [Errno 61] Connection refused"))
[STILL FAILING] llama2 jlb-001 (ta)
  retry 1 failed for llama2/jlb-001/ms: HTTPConnectionPool(host='localhost', port=11434): Max retries exceeded with url: /api/generate (Caused by NewConnectionError("HTTPConnection(host='localhost', port=11434): Failed to establish a new connection: [Errno 61] Connection refused"))
  retry 2 failed for llama2/jlb-001/ms: HTTPConnectionPool(host='localhost', port=11434): Max retries exceeded with url: /api/generate (Caused by NewConnectionError("HTTPConnection(host='localhost', port=11434): Failed to establish a new connection: [Errno 61] Connection refused"))
[STILL FAILING] llama2 jlb-001 (ms)
  retry 1 failed for llama2/jlb-001/ms: HTTPConnectionPool(host='localhost', port=11434): Max retries exceeded with url: /api/generate (Caused by NewConnectionError("HTTPConnection(host='localhost', port=11434): Failed to establish a new connection: [Errno 61] Connection refused"))
  retry 2 failed for llama2/jlb-001/ms: HTTPConnectionPool(host='localhost', port=11434): Max retries exceeded with url: /api/generate (Caused by NewConnectionError("HTTPConnection(host='localhost', port=11434): Failed to establish a new connection: [Errno 61] Connection refused"))
[STILL FAILING] llama2 jlb-001 (ms)
  retry 1 failed for llama2/jlb-001/ms: HTTPConnectionPool(host='localhost', port=11434): Max retries exceeded with url: /api/generate (Caused by NewConnectionError("HTTPConnection(host='localhost', port=11434): Failed to establish a new connection: [Errno 61] Connection refused"))
  retry 2 failed for llama2/jlb-001/ms: HTTPConnectionPool(host='localhost', port=11434): Max retries exceeded with url: /api/generate (Caused by NewConnectionError("HTTPConnection(host='localhost', port=11434): Failed to establish a new connection: [Errno 61] Connection refused"))
[STILL FAILING] llama2 jlb-001 (ms)
  retry 1 failed for llama2/jlb-002/en: HTTPConnectionPool(host='localhost', port=11434): Max retries exceeded with url: /api/generate (Caused by NewConnectionError("HTTPConnection(host='localhost', port=11434): Failed to establish a new connection: [Errno 61] Connection refused"))
  retry 2 failed for llama2/jlb-002/en: HTTPConnectionPool(host='localhost', port=11434): Max retries exceeded with url: /api/generate (Caused by NewConnectionError("HTTPConnection(host='localhost', port=11434): Failed to establish a new connection: [Errno 61] Connection refused"))
[STILL FAILING] llama2 jlb-002 (en)
  retry 1 failed for llama2/jlb-002/en: HTTPConnectionPool(host='localhost', port=11434): Max retries exceeded with url: /api/generate (Caused by NewConnectionError("HTTPConnection(host='localhost', port=11434): Failed to establish a new connection: [Errno 61] Connection refused"))
  retry 2 failed for llama2/jlb-002/en: HTTPConnectionPool(host='localhost', port=11434): Max retries exceeded with url: /api/generate (Caused by NewConnectionError("HTTPConnection(host='localhost', port=11434): Failed to establish a new connection: [Errno 61] Connection refused"))
[STILL FAILING] llama2 jlb-002 (en)
  retry 1 failed for llama2/jlb-002/en: HTTPConnectionPool(host='localhost', port=11434): Max retries exceeded with url: /api/generate (Caused by NewConnectionError("HTTPConnection(host='localhost', port=11434): Failed to establish a new connection: [Errno 61] Connection refused"))
  retry 2 failed for llama2/jlb-002/en: HTTPConnectionPool(host='localhost', port=11434): Max retries exceeded with url: /api/generate (Caused by NewConnectionError("HTTPConnection(host='localhost', port=11434): Failed to establish a new connection: [Errno 61] Connection refused"))
[STILL FAILING] llama2 jlb-002 (en)
  retry 1 failed for llama2/jlb-002/hi: HTTPConnectionPool(host='localhost', port=11434): Max retries exceeded with url: /api/generate (Caused by NewConnectionError("HTTPConnection(host='localhost', port=11434): Failed to establish a new connection: [Errno 61] Connection refused"))
  retry 2 failed for llama2/jlb-002/hi: HTTPConnectionPool(host='localhost', port=11434): Max retries exceeded with url: /api/generate (Caused by NewConnectionError("HTTPConnection(host='localhost', port=11434): Failed to establish a new connection: [Errno 61] Connection refused"))
[STILL FAILING] llama2 jlb-002 (hi)
  retry 1 failed for llama2/jlb-002/hi: HTTPConnectionPool(host='localhost', port=11434): Max retries exceeded with url: /api/generate (Caused by NewConnectionError("HTTPConnection(host='localhost', port=11434): Failed to establish a new connection: [Errno 61] Connection refused"))
  retry 2 failed for llama2/jlb-002/hi: HTTPConnectionPool(host='localhost', port=11434): Max retries exceeded with url: /api/generate (Caused by NewConnectionError("HTTPConnection(host='localhost', port=11434): Failed to establish a new connection: [Errno 61] Connection refused"))
[STILL FAILING] llama2 jlb-002 (hi)
  retry 1 failed for llama2/jlb-002/hi: HTTPConnectionPool(host='localhost', port=11434): Max retries exceeded with url: /api/generate (Caused by NewConnectionError("HTTPConnection(host='localhost', port=11434): Failed to establish a new connection: [Errno 61] Connection refused"))
  retry 2 failed for llama2/jlb-002/hi: HTTPConnectionPool(host='localhost', port=11434): Max retries exceeded with url: /api/generate (Caused by NewConnectionError("HTTPConnection(host='localhost', port=11434): Failed to establish a new connection: [Errno 61] Connection refused"))
[STILL FAILING] llama2 jlb-002 (hi)
  retry 1 failed for llama2/jlb-002/zh: HTTPConnectionPool(host='localhost', port=11434): Max retries exceeded with url: /api/generate (Caused by NewConnectionError("HTTPConnection(host='localhost', port=11434): Failed to establish a new connection: [Errno 61] Connection refused"))
  retry 2 failed for llama2/jlb-002/zh: HTTPConnectionPool(host='localhost', port=11434): Max retries exceeded with url: /api/generate (Caused by NewConnectionError("HTTPConnection(host='localhost', port=11434): Failed to establish a new connection: [Errno 61] Connection refused"))
[STILL FAILING] llama2 jlb-002 (zh)
  retry 1 failed for llama2/jlb-002/zh: HTTPConnectionPool(host='localhost', port=11434): Max retries exceeded with url: /api/generate (Caused by NewConnectionError("HTTPConnection(host='localhost', port=11434): Failed to establish a new connection: [Errno 61] Connection refused"))
  retry 2 failed for llama2/jlb-002/zh: HTTPConnectionPool(host='localhost', port=11434): Max retries exceeded with url: /api/generate (Caused by NewConnectionError("HTTPConnection(host='localhost', port=11434): Failed to establish a new connection: [Errno 61] Connection refused"))
[STILL FAILING] llama2 jlb-002 (zh)
  retry 1 failed for llama2/jlb-002/zh: HTTPConnectionPool(host='localhost', port=11434): Max retries exceeded with url: /api/generate (Caused by NewConnectionError("HTTPConnection(host='localhost', port=11434): Failed to establish a new connection: [Errno 61] Connection refused"))
  retry 2 failed for llama2/jlb-002/zh: HTTPConnectionPool(host='localhost', port=11434): Max retries exceeded with url: /api/generate (Caused by NewConnectionError("HTTPConnection(host='localhost', port=11434): Failed to establish a new connection: [Errno 61] Connection refused"))
[STILL FAILING] llama2 jlb-002 (zh)
  retry 1 failed for llama2/jlb-002/ta: HTTPConnectionPool(host='localhost', port=11434): Max retries exceeded with url: /api/generate (Caused by NewConnectionError("HTTPConnection(host='localhost', port=11434): Failed to establish a new connection: [Errno 61] Connection refused"))
  retry 2 failed for llama2/jlb-002/ta: HTTPConnectionPool(host='localhost', port=11434): Max retries exceeded with url: /api/generate (Caused by NewConnectionError("HTTPConnection(host='localhost', port=11434): Failed to establish a new connection: [Errno 61] Connection refused"))
[STILL FAILING] llama2 jlb-002 (ta)
  retry 1 failed for llama2/jlb-002/ta: HTTPConnectionPool(host='localhost', port=11434): Max retries exceeded with url: /api/generate (Caused by NewConnectionError("HTTPConnection(host='localhost', port=11434): Failed to establish a new connection: [Errno 61] Connection refused"))
  retry 2 failed for llama2/jlb-002/ta: HTTPConnectionPool(host='localhost', port=11434): Max retries exceeded with url: /api/generate (Caused by NewConnectionError("HTTPConnection(host='localhost', port=11434): Failed to establish a new connection: [Errno 61] Connection refused"))
[STILL FAILING] llama2 jlb-002 (ta)
  retry 1 failed for llama2/jlb-002/ta: HTTPConnectionPool(host='localhost', port=11434): Max retries exceeded with url: /api/generate (Caused by NewConnectionError("HTTPConnection(host='localhost', port=11434): Failed to establish a new connection: [Errno 61] Connection refused"))
  retry 2 failed for llama2/jlb-002/ta: HTTPConnectionPool(host='localhost', port=11434): Max retries exceeded with url: /api/generate (Caused by NewConnectionError("HTTPConnection(host='localhost', port=11434): Failed to establish a new connection: [Errno 61] Connection refused"))
[STILL FAILING] llama2 jlb-002 (ta)
  retry 1 failed for llama2/jlb-002/ms: HTTPConnectionPool(host='localhost', port=11434): Max retries exceeded with url: /api/generate (Caused by NewConnectionError("HTTPConnection(host='localhost', port=11434): Failed to establish a new connection: [Errno 61] Connection refused"))
  retry 2 failed for llama2/jlb-002/ms: HTTPConnectionPool(host='localhost', port=11434): Max retries exceeded with url: /api/generate (Caused by NewConnectionError("HTTPConnection(host='localhost', port=11434): Failed to establish a new connection: [Errno 61] Connection refused"))
[STILL FAILING] llama2 jlb-002 (ms)
  retry 1 failed for llama2/jlb-002/ms: HTTPConnectionPool(host='localhost', port=11434): Max retries exceeded with url: /api/generate (Caused by NewConnectionError("HTTPConnection(host='localhost', port=11434): Failed to establish a new connection: [Errno 61] Connection refused"))
  retry 2 failed for llama2/jlb-002/ms: HTTPConnectionPool(host='localhost', port=11434): Max retries exceeded with url: /api/generate (Caused by NewConnectionError("HTTPConnection(host='localhost', port=11434): Failed to establish a new connection: [Errno 61] Connection refused"))
[STILL FAILING] llama2 jlb-002 (ms)
  retry 1 failed for llama2/jlb-002/ms: HTTPConnectionPool(host='localhost', port=11434): Max retries exceeded with url: /api/generate (Caused by NewConnectionError("HTTPConnection(host='localhost', port=11434): Failed to establish a new connection: [Errno 61] Connection refused"))
  retry 2 failed for llama2/jlb-002/ms: HTTPConnectionPool(host='localhost', port=11434): Max retries exceeded with url: /api/generate (Caused by NewConnectionError("HTTPConnection(host='localhost', port=11434): Failed to establish a new connection: [Errno 61] Connection refused"))
[STILL FAILING] llama2 jlb-002 (ms)
  retry 1 failed for llama2/rol-001/en: HTTPConnectionPool(host='localhost', port=11434): Max retries exceeded with url: /api/generate (Caused by NewConnectionError("HTTPConnection(host='localhost', port=11434): Failed to establish a new connection: [Errno 61] Connection refused"))
  retry 2 failed for llama2/rol-001/en: HTTPConnectionPool(host='localhost', port=11434): Max retries exceeded with url: /api/generate (Caused by NewConnectionError("HTTPConnection(host='localhost', port=11434): Failed to establish a new connection: [Errno 61] Connection refused"))
[STILL FAILING] llama2 rol-001 (en)
  retry 1 failed for llama2/rol-001/en: HTTPConnectionPool(host='localhost', port=11434): Max retries exceeded with url: /api/generate (Caused by NewConnectionError("HTTPConnection(host='localhost', port=11434): Failed to establish a new connection: [Errno 61] Connection refused"))
  retry 2 failed for llama2/rol-001/en: HTTPConnectionPool(host='localhost', port=11434): Max retries exceeded with url: /api/generate (Caused by NewConnectionError("HTTPConnection(host='localhost', port=11434): Failed to establish a new connection: [Errno 61] Connection refused"))
[STILL FAILING] llama2 rol-001 (en)
  retry 1 failed for llama2/rol-001/en: HTTPConnectionPool(host='localhost', port=11434): Max retries exceeded with url: /api/generate (Caused by NewConnectionError("HTTPConnection(host='localhost', port=11434): Failed to establish a new connection: [Errno 61] Connection refused"))
  retry 2 failed for llama2/rol-001/en: HTTPConnectionPool(host='localhost', port=11434): Max retries exceeded with url: /api/generate (Caused by NewConnectionError("HTTPConnection(host='localhost', port=11434): Failed to establish a new connection: [Errno 61] Connection refused"))
[STILL FAILING] llama2 rol-001 (en)
  retry 1 failed for llama2/rol-001/hi: HTTPConnectionPool(host='localhost', port=11434): Max retries exceeded with url: /api/generate (Caused by NewConnectionError("HTTPConnection(host='localhost', port=11434): Failed to establish a new connection: [Errno 61] Connection refused"))
  retry 2 failed for llama2/rol-001/hi: HTTPConnectionPool(host='localhost', port=11434): Max retries exceeded with url: /api/generate (Caused by NewConnectionError("HTTPConnection(host='localhost', port=11434): Failed to establish a new connection: [Errno 61] Connection refused"))
[STILL FAILING] llama2 rol-001 (hi)
  retry 1 failed for llama2/rol-001/hi: HTTPConnectionPool(host='localhost', port=11434): Max retries exceeded with url: /api/generate (Caused by NewConnectionError("HTTPConnection(host='localhost', port=11434): Failed to establish a new connection: [Errno 61] Connection refused"))
  retry 2 failed for llama2/rol-001/hi: HTTPConnectionPool(host='localhost', port=11434): Max retries exceeded with url: /api/generate (Caused by NewConnectionError("HTTPConnection(host='localhost', port=11434): Failed to establish a new connection: [Errno 61] Connection refused"))
[STILL FAILING] llama2 rol-001 (hi)
  retry 1 failed for llama2/rol-001/hi: HTTPConnectionPool(host='localhost', port=11434): Max retries exceeded with url: /api/generate (Caused by NewConnectionError("HTTPConnection(host='localhost', port=11434): Failed to establish a new connection: [Errno 61] Connection refused"))
  retry 2 failed for llama2/rol-001/hi: HTTPConnectionPool(host='localhost', port=11434): Max retries exceeded with url: /api/generate (Caused by NewConnectionError("HTTPConnection(host='localhost', port=11434): Failed to establish a new connection: [Errno 61] Connection refused"))
[STILL FAILING] llama2 rol-001 (hi)
  retry 1 failed for llama2/rol-001/zh: HTTPConnectionPool(host='localhost', port=11434): Max retries exceeded with url: /api/generate (Caused by NewConnectionError("HTTPConnection(host='localhost', port=11434): Failed to establish a new connection: [Errno 61] Connection refused"))
  retry 2 failed for llama2/rol-001/zh: HTTPConnectionPool(host='localhost', port=11434): Max retries exceeded with url: /api/generate (Caused by NewConnectionError("HTTPConnection(host='localhost', port=11434): Failed to establish a new connection: [Errno 61] Connection refused"))
[STILL FAILING] llama2 rol-001 (zh)
  retry 1 failed for llama2/rol-001/zh: HTTPConnectionPool(host='localhost', port=11434): Max retries exceeded with url: /api/generate (Caused by NewConnectionError("HTTPConnection(host='localhost', port=11434): Failed to establish a new connection: [Errno 61] Connection refused"))
  retry 2 failed for llama2/rol-001/zh: HTTPConnectionPool(host='localhost', port=11434): Max retries exceeded with url: /api/generate (Caused by NewConnectionError("HTTPConnection(host='localhost', port=11434): Failed to establish a new connection: [Errno 61] Connection refused"))
[STILL FAILING] llama2 rol-001 (zh)
  retry 1 failed for llama2/rol-001/zh: HTTPConnectionPool(host='localhost', port=11434): Max retries exceeded with url: /api/generate (Caused by NewConnectionError("HTTPConnection(host='localhost', port=11434): Failed to establish a new connection: [Errno 61] Connection refused"))
  retry 2 failed for llama2/rol-001/zh: HTTPConnectionPool(host='localhost', port=11434): Max retries exceeded with url: /api/generate (Caused by NewConnectionError("HTTPConnection(host='localhost', port=11434): Failed to establish a new connection: [Errno 61] Connection refused"))
[STILL FAILING] llama2 rol-001 (zh)
  retry 1 failed for llama2/rol-001/ta: HTTPConnectionPool(host='localhost', port=11434): Max retries exceeded with url: /api/generate (Caused by NewConnectionError("HTTPConnection(host='localhost', port=11434): Failed to establish a new connection: [Errno 61] Connection refused"))
  retry 2 failed for llama2/rol-001/ta: HTTPConnectionPool(host='localhost', port=11434): Max retries exceeded with url: /api/generate (Caused by NewConnectionError("HTTPConnection(host='localhost', port=11434): Failed to establish a new connection: [Errno 61] Connection refused"))
[STILL FAILING] llama2 rol-001 (ta)
  retry 1 failed for llama2/rol-001/ta: HTTPConnectionPool(host='localhost', port=11434): Max retries exceeded with url: /api/generate (Caused by NewConnectionError("HTTPConnection(host='localhost', port=11434): Failed to establish a new connection: [Errno 61] Connection refused"))
  retry 2 failed for llama2/rol-001/ta: HTTPConnectionPool(host='localhost', port=11434): Max retries exceeded with url: /api/generate (Caused by NewConnectionError("HTTPConnection(host='localhost', port=11434): Failed to establish a new connection: [Errno 61] Connection refused"))
[STILL FAILING] llama2 rol-001 (ta)
  retry 1 failed for llama2/rol-001/ta: HTTPConnectionPool(host='localhost', port=11434): Max retries exceeded with url: /api/generate (Caused by NewConnectionError("HTTPConnection(host='localhost', port=11434): Failed to establish a new connection: [Errno 61] Connection refused"))
  retry 2 failed for llama2/rol-001/ta: HTTPConnectionPool(host='localhost', port=11434): Max retries exceeded with url: /api/generate (Caused by NewConnectionError("HTTPConnection(host='localhost', port=11434): Failed to establish a new connection: [Errno 61] Connection refused"))
[STILL FAILING] llama2 rol-001 (ta)
  retry 1 failed for llama2/rol-001/ms: HTTPConnectionPool(host='localhost', port=11434): Max retries exceeded with url: /api/generate (Caused by NewConnectionError("HTTPConnection(host='localhost', port=11434): Failed to establish a new connection: [Errno 61] Connection refused"))
  retry 2 failed for llama2/rol-001/ms: HTTPConnectionPool(host='localhost', port=11434): Max retries exceeded with url: /api/generate (Caused by NewConnectionError("HTTPConnection(host='localhost', port=11434): Failed to establish a new connection: [Errno 61] Connection refused"))
[STILL FAILING] llama2 rol-001 (ms)
  retry 1 failed for llama2/rol-001/ms: HTTPConnectionPool(host='localhost', port=11434): Max retries exceeded with url: /api/generate (Caused by NewConnectionError("HTTPConnection(host='localhost', port=11434): Failed to establish a new connection: [Errno 61] Connection refused"))
  retry 2 failed for llama2/rol-001/ms: HTTPConnectionPool(host='localhost', port=11434): Max retries exceeded with url: /api/generate (Caused by NewConnectionError("HTTPConnection(host='localhost', port=11434): Failed to establish a new connection: [Errno 61] Connection refused"))
[STILL FAILING] llama2 rol-001 (ms)
  retry 1 failed for llama2/rol-001/ms: HTTPConnectionPool(host='localhost', port=11434): Max retries exceeded with url: /api/generate (Caused by NewConnectionError("HTTPConnection(host='localhost', port=11434): Failed to establish a new connection: [Errno 61] Connection refused"))
  retry 2 failed for llama2/rol-001/ms: HTTPConnectionPool(host='localhost', port=11434): Max retries exceeded with url: /api/generate (Caused by NewConnectionError("HTTPConnection(host='localhost', port=11434): Failed to establish a new connection: [Errno 61] Connection refused"))
[STILL FAILING] llama2 rol-001 (ms)
  retry 1 failed for llama2/rol-002/en: HTTPConnectionPool(host='localhost', port=11434): Max retries exceeded with url: /api/generate (Caused by NewConnectionError("HTTPConnection(host='localhost', port=11434): Failed to establish a new connection: [Errno 61] Connection refused"))
  retry 2 failed for llama2/rol-002/en: HTTPConnectionPool(host='localhost', port=11434): Max retries exceeded with url: /api/generate (Caused by NewConnectionError("HTTPConnection(host='localhost', port=11434): Failed to establish a new connection: [Errno 61] Connection refused"))
[STILL FAILING] llama2 rol-002 (en)
  retry 1 failed for llama2/rol-002/en: HTTPConnectionPool(host='localhost', port=11434): Max retries exceeded with url: /api/generate (Caused by NewConnectionError("HTTPConnection(host='localhost', port=11434): Failed to establish a new connection: [Errno 61] Connection refused"))
  retry 2 failed for llama2/rol-002/en: HTTPConnectionPool(host='localhost', port=11434): Max retries exceeded with url: /api/generate (Caused by NewConnectionError("HTTPConnection(host='localhost', port=11434): Failed to establish a new connection: [Errno 61] Connection refused"))
[STILL FAILING] llama2 rol-002 (en)
